,RouteID,Price,Contact,FacilityEnum,Address,Calendar
10,,10.0,10.0,2.0,10.0,10.0
11,,11.0,11.0,2.0,11.0,11.0
12,,12.0,12.0,2.0,12.0,12.0
13,,13.0,13.0,2.0,13.0,13.0
14,,14.0,14.0,2.0,14.0,14.0
15,,15.0,15.0,2.0,15.0,15.0
16,,16.0,16.0,2.0,16.0,16.0
17,,17.0,17.0,2.0,17.0,17.0
18,,18.0,18.0,2.0,18.0,18.0
19,,19.0,19.0,2.0,19.0,19.0
20,,20.0,20.0,2.0,20.0,20.0
21,,21.0,21.0,2.0,21.0,21.0
22,,22.0,22.0,2.0,22.0,22.0
23,,23.0,23.0,2.0,23.0,23.0
24,,24.0,24.0,2.0,24.0,24.0
25,,25.0,25.0,2.0,25.0,25.0
26,,26.0,26.0,2.0,26.0,26.0
27,,27.0,27.0,2.0,27.0,27.0
28,,28.0,28.0,2.0,28.0,28.0
29,,29.0,29.0,2.0,29.0,29.0
30,,30.0,30.0,2.0,30.0,30.0
31,,31.0,31.0,2.0,31.0,31.0
32,,32.0,32.0,2.0,32.0,32.0
33,,33.0,33.0,2.0,33.0,33.0
34,,34.0,34.0,2.0,34.0,34.0
35,,35.0,35.0,2.0,35.0,35.0
36,,36.0,36.0,2.0,36.0,36.0
37,,37.0,37.0,2.0,37.0,37.0
38,,38.0,38.0,2.0,38.0,38.0
39,,39.0,39.0,2.0,39.0,39.0
40,,40.0,40.0,2.0,40.0,40.0
41,,41.0,41.0,2.0,41.0,41.0
42,,42.0,42.0,2.0,42.0,42.0
43,,43.0,43.0,2.0,43.0,43.0
44,,44.0,44.0,2.0,44.0,44.0
45,,45.0,45.0,2.0,45.0,45.0
46,,46.0,46.0,2.0,46.0,46.0
47,,47.0,47.0,2.0,47.0,47.0
48,,48.0,48.0,2.0,48.0,48.0
49,,49.0,49.0,2.0,49.0,49.0
50,,50.0,50.0,2.0,50.0,50.0
51,,51.0,51.0,2.0,51.0,51.0
52,,52.0,52.0,2.0,52.0,52.0
53,,53.0,53.0,2.0,53.0,53.0
54,,54.0,54.0,2.0,54.0,54.0
55,,55.0,55.0,2.0,55.0,55.0
56,,56.0,56.0,2.0,56.0,56.0
57,,57.0,57.0,2.0,57.0,57.0
58,,58.0,58.0,2.0,58.0,58.0
59,,59.0,59.0,2.0,59.0,59.0
60,,60.0,60.0,2.0,60.0,60.0
61,,61.0,61.0,2.0,61.0,61.0
62,,62.0,62.0,2.0,62.0,62.0
63,,63.0,63.0,2.0,63.0,63.0
64,,64.0,64.0,2.0,64.0,64.0
65,,65.0,65.0,2.0,65.0,65.0
66,,66.0,66.0,2.0,66.0,66.0
67,,67.0,67.0,2.0,67.0,67.0
68,,68.0,68.0,2.0,68.0,68.0
69,,69.0,69.0,2.0,69.0,69.0
70,,70.0,70.0,2.0,70.0,70.0
71,,71.0,71.0,2.0,71.0,71.0
72,,72.0,72.0,2.0,72.0,72.0
73,,73.0,73.0,2.0,73.0,73.0
74,,74.0,74.0,2.0,74.0,74.0
75,,75.0,75.0,2.0,75.0,75.0
76,,76.0,76.0,2.0,76.0,76.0
77,,77.0,77.0,2.0,77.0,77.0
78,,78.0,78.0,2.0,78.0,78.0
79,,79.0,79.0,2.0,79.0,79.0
80,,80.0,80.0,2.0,80.0,80.0
81,,81.0,81.0,2.0,81.0,81.0
82,,82.0,82.0,2.0,82.0,82.0
83,,83.0,83.0,2.0,83.0,83.0
84,,84.0,84.0,2.0,84.0,84.0
85,,85.0,85.0,2.0,85.0,85.0
86,,86.0,86.0,2.0,86.0,86.0
87,,87.0,87.0,2.0,87.0,87.0
88,,88.0,88.0,2.0,88.0,88.0
89,,89.0,89.0,2.0,89.0,89.0
90,,90.0,90.0,2.0,90.0,90.0
91,,91.0,91.0,2.0,91.0,91.0
92,,92.0,92.0,2.0,92.0,92.0
93,,93.0,93.0,2.0,93.0,93.0
94,,94.0,94.0,2.0,94.0,94.0
95,,95.0,95.0,2.0,95.0,95.0
96,,96.0,96.0,2.0,96.0,96.0
97,,97.0,97.0,2.0,97.0,97.0
98,,98.0,98.0,2.0,98.0,98.0
99,,99.0,99.0,2.0,99.0,99.0
100,,100.0,100.0,2.0,100.0,100.0
101,,101.0,101.0,2.0,101.0,101.0
102,,102.0,102.0,2.0,102.0,102.0
103,,103.0,103.0,2.0,103.0,103.0
104,,104.0,104.0,2.0,104.0,104.0
105,,105.0,105.0,2.0,105.0,105.0
106,,106.0,106.0,2.0,106.0,106.0
107,,107.0,107.0,2.0,107.0,107.0
108,,108.0,108.0,2.0,108.0,108.0
109,,109.0,109.0,2.0,109.0,109.0
110,,110.0,110.0,2.0,110.0,110.0
111,,111.0,111.0,2.0,111.0,111.0
112,,112.0,112.0,2.0,112.0,112.0
113,,113.0,113.0,2.0,113.0,113.0
114,,114.0,114.0,2.0,114.0,114.0
115,,115.0,115.0,2.0,115.0,115.0
116,,116.0,116.0,2.0,116.0,116.0
117,,117.0,117.0,2.0,117.0,117.0
118,,118.0,118.0,2.0,118.0,118.0
119,,119.0,119.0,2.0,119.0,119.0
120,,120.0,120.0,2.0,120.0,120.0
121,,121.0,121.0,2.0,121.0,121.0
122,,122.0,122.0,2.0,122.0,122.0
123,,123.0,123.0,2.0,123.0,123.0
124,,124.0,124.0,2.0,124.0,124.0
125,,125.0,125.0,2.0,125.0,125.0
126,,126.0,126.0,2.0,126.0,126.0
127,,127.0,127.0,2.0,127.0,127.0
128,,128.0,128.0,2.0,128.0,128.0
129,,129.0,129.0,2.0,129.0,129.0
130,,130.0,130.0,2.0,130.0,130.0
131,,131.0,131.0,2.0,131.0,131.0
132,,132.0,132.0,2.0,132.0,132.0
133,,133.0,133.0,2.0,133.0,133.0
134,,134.0,134.0,2.0,134.0,134.0
135,,135.0,135.0,2.0,135.0,135.0
136,,136.0,136.0,2.0,136.0,136.0
137,,137.0,137.0,2.0,137.0,137.0
138,,138.0,138.0,2.0,138.0,138.0
139,,139.0,139.0,2.0,139.0,139.0
140,,140.0,140.0,2.0,140.0,140.0
141,,141.0,141.0,2.0,141.0,141.0
142,,142.0,142.0,2.0,142.0,142.0
143,,143.0,143.0,2.0,143.0,143.0
144,,144.0,144.0,2.0,144.0,144.0
145,,145.0,145.0,2.0,145.0,145.0
146,,146.0,146.0,2.0,146.0,146.0
147,,147.0,147.0,2.0,147.0,147.0
148,,148.0,148.0,2.0,148.0,148.0
149,,149.0,149.0,2.0,149.0,149.0
150,,150.0,150.0,2.0,150.0,150.0
151,,151.0,151.0,2.0,151.0,151.0
152,,152.0,152.0,2.0,152.0,152.0
153,,153.0,153.0,2.0,153.0,153.0
154,,154.0,154.0,2.0,154.0,154.0
155,,155.0,155.0,2.0,155.0,155.0
156,,156.0,156.0,2.0,156.0,156.0
157,,157.0,157.0,2.0,157.0,157.0
158,,158.0,158.0,2.0,158.0,158.0
159,,159.0,159.0,2.0,159.0,159.0
160,,160.0,160.0,2.0,160.0,160.0
161,,161.0,161.0,2.0,161.0,161.0
162,,162.0,162.0,2.0,162.0,162.0
163,,163.0,163.0,2.0,163.0,163.0
164,,164.0,164.0,2.0,164.0,164.0
165,,165.0,165.0,2.0,165.0,165.0
166,,166.0,166.0,2.0,166.0,166.0
167,,167.0,167.0,2.0,167.0,167.0
168,,168.0,168.0,2.0,168.0,168.0
169,,169.0,169.0,2.0,169.0,169.0
170,,170.0,170.0,2.0,170.0,170.0
171,,171.0,171.0,2.0,171.0,171.0
172,,172.0,172.0,2.0,172.0,172.0
173,,173.0,173.0,2.0,173.0,173.0
174,,174.0,174.0,2.0,174.0,174.0
175,,175.0,175.0,2.0,175.0,175.0
176,,176.0,176.0,2.0,176.0,176.0
177,,177.0,177.0,2.0,177.0,177.0
178,,178.0,178.0,2.0,178.0,178.0
179,,179.0,179.0,2.0,179.0,179.0
180,,180.0,180.0,2.0,180.0,180.0
181,,181.0,181.0,2.0,181.0,181.0
182,,182.0,182.0,2.0,182.0,182.0
183,,183.0,183.0,2.0,183.0,183.0
184,,184.0,184.0,2.0,184.0,184.0
185,,185.0,185.0,2.0,185.0,185.0
186,,186.0,186.0,2.0,186.0,186.0
187,,187.0,187.0,2.0,187.0,187.0
188,,188.0,188.0,2.0,188.0,188.0
189,,189.0,189.0,2.0,189.0,189.0
190,,190.0,190.0,2.0,190.0,190.0
191,,191.0,191.0,2.0,191.0,191.0
192,,192.0,192.0,2.0,192.0,192.0
193,,193.0,193.0,2.0,193.0,193.0
194,,194.0,194.0,2.0,194.0,194.0
195,,195.0,195.0,2.0,195.0,195.0
196,,196.0,196.0,2.0,196.0,196.0
197,,197.0,197.0,2.0,197.0,197.0
198,,198.0,198.0,2.0,198.0,198.0
199,,199.0,199.0,2.0,199.0,199.0
200,,200.0,200.0,2.0,200.0,200.0
201,,201.0,201.0,2.0,201.0,201.0
202,,202.0,202.0,2.0,202.0,202.0
203,,203.0,203.0,2.0,203.0,203.0
204,,204.0,204.0,2.0,204.0,204.0
205,,205.0,205.0,2.0,205.0,205.0
206,,206.0,206.0,2.0,206.0,206.0
207,,207.0,207.0,2.0,207.0,207.0
208,,208.0,208.0,2.0,208.0,208.0
209,,209.0,209.0,2.0,209.0,209.0
210,,210.0,210.0,2.0,210.0,210.0
211,,211.0,211.0,2.0,211.0,211.0
212,,212.0,212.0,2.0,212.0,212.0
213,,213.0,213.0,2.0,213.0,213.0
214,,214.0,214.0,2.0,214.0,214.0
215,,215.0,215.0,2.0,215.0,215.0
216,,216.0,216.0,2.0,216.0,216.0
217,,217.0,217.0,2.0,217.0,217.0
218,,218.0,218.0,2.0,218.0,218.0
219,,219.0,219.0,2.0,219.0,219.0
220,,220.0,220.0,2.0,220.0,220.0
221,,221.0,221.0,2.0,221.0,221.0
222,,222.0,222.0,2.0,222.0,222.0
223,,223.0,223.0,2.0,223.0,223.0
224,,224.0,224.0,2.0,224.0,224.0
225,,225.0,225.0,2.0,225.0,225.0
226,,226.0,226.0,2.0,226.0,226.0
227,,227.0,227.0,2.0,227.0,227.0
228,,228.0,228.0,2.0,228.0,228.0
229,,229.0,229.0,2.0,229.0,229.0
230,,230.0,230.0,2.0,230.0,230.0
231,,231.0,231.0,2.0,231.0,231.0
232,,232.0,232.0,2.0,232.0,232.0
233,,233.0,233.0,2.0,233.0,233.0
234,,234.0,234.0,2.0,234.0,234.0
235,,235.0,235.0,2.0,235.0,235.0
236,,236.0,236.0,2.0,236.0,236.0
237,,237.0,237.0,2.0,237.0,237.0
238,,238.0,238.0,2.0,238.0,238.0
239,,239.0,239.0,2.0,239.0,239.0
240,,240.0,240.0,2.0,240.0,240.0
241,,241.0,241.0,2.0,241.0,241.0
242,,242.0,242.0,2.0,242.0,242.0
243,,243.0,243.0,2.0,243.0,243.0
244,,244.0,244.0,2.0,244.0,244.0
245,,245.0,245.0,2.0,245.0,245.0
246,,246.0,246.0,2.0,246.0,246.0
247,,247.0,247.0,2.0,247.0,247.0
248,,248.0,248.0,2.0,248.0,248.0
249,,249.0,249.0,2.0,249.0,249.0
250,,250.0,250.0,2.0,250.0,250.0
251,,251.0,251.0,2.0,251.0,251.0
252,,252.0,252.0,2.0,252.0,252.0
253,,253.0,253.0,2.0,253.0,253.0
254,,254.0,254.0,2.0,254.0,254.0
255,,255.0,255.0,2.0,255.0,255.0
256,,256.0,256.0,2.0,256.0,256.0
257,,257.0,257.0,2.0,257.0,257.0
258,,258.0,258.0,2.0,258.0,258.0
259,,259.0,259.0,2.0,259.0,259.0
260,,260.0,260.0,2.0,260.0,260.0
261,,261.0,261.0,2.0,261.0,261.0
262,,262.0,262.0,2.0,262.0,262.0
263,,263.0,263.0,2.0,263.0,263.0
264,,264.0,264.0,2.0,264.0,264.0
265,,265.0,265.0,2.0,265.0,265.0
266,,266.0,266.0,2.0,266.0,266.0
267,,267.0,267.0,2.0,267.0,267.0
268,,268.0,268.0,2.0,268.0,268.0
269,,269.0,269.0,2.0,269.0,269.0
270,,270.0,270.0,2.0,270.0,270.0
271,,271.0,271.0,2.0,271.0,271.0
272,,272.0,272.0,2.0,272.0,272.0
273,,273.0,273.0,2.0,273.0,273.0
274,,274.0,274.0,2.0,274.0,274.0
275,,275.0,275.0,2.0,275.0,275.0
276,,276.0,276.0,2.0,276.0,276.0
277,,277.0,277.0,2.0,277.0,277.0
278,,278.0,278.0,2.0,278.0,278.0
279,,279.0,279.0,2.0,279.0,279.0
280,,280.0,280.0,2.0,280.0,280.0
281,,281.0,281.0,2.0,281.0,281.0
282,,282.0,282.0,2.0,282.0,282.0
283,,283.0,283.0,2.0,283.0,283.0
284,,284.0,284.0,2.0,284.0,284.0
285,,285.0,285.0,2.0,285.0,285.0
286,,286.0,286.0,2.0,286.0,286.0
287,,287.0,287.0,2.0,287.0,287.0
288,,288.0,288.0,2.0,288.0,288.0
289,,289.0,289.0,2.0,289.0,289.0
290,,290.0,290.0,2.0,290.0,290.0
291,,291.0,291.0,2.0,291.0,291.0
292,,292.0,292.0,2.0,292.0,292.0
293,,293.0,293.0,2.0,293.0,293.0
294,,294.0,294.0,2.0,294.0,294.0
295,,295.0,295.0,2.0,295.0,295.0
296,,296.0,296.0,2.0,296.0,296.0
297,,297.0,297.0,2.0,297.0,297.0
298,,298.0,298.0,2.0,298.0,298.0
299,,299.0,299.0,2.0,299.0,299.0
300,,300.0,300.0,2.0,300.0,300.0
301,,301.0,301.0,2.0,301.0,301.0
302,,302.0,302.0,2.0,302.0,302.0
303,,303.0,303.0,2.0,303.0,303.0
304,,304.0,304.0,2.0,304.0,304.0
305,,305.0,305.0,2.0,305.0,305.0
306,,306.0,306.0,2.0,306.0,306.0
307,,307.0,307.0,2.0,307.0,307.0
308,,308.0,308.0,2.0,308.0,308.0
309,,309.0,309.0,2.0,309.0,309.0
310,,310.0,310.0,2.0,310.0,310.0
311,,311.0,311.0,2.0,311.0,311.0
