,RouteID,SpeedLimit,StartingPoint,ArrivalPoint,ModeOfTransport,TimeSpent,Facility,Length
27685,27685.0,1.0,1.0,2.0,4.0,0.0,,0.020346727190206564
27686,27686.0,1.0,3.0,4.0,4.0,1.0,,0.0026227083478787597
27687,27687.0,1.0,5.0,6.0,4.0,2.0,,0.00011241884404229956
27688,27688.0,1.0,7.0,8.0,4.0,3.0,,0.0007613595764335923
27689,27689.0,1.0,9.0,10.0,4.0,4.0,,0.00011063191603479594
27690,27690.0,1.0,11.0,12.0,4.0,5.0,,0.006727904866246842
27691,27691.0,1.0,13.0,14.0,4.0,6.0,,0.00011401309852594446
27692,27692.0,1.0,15.0,16.0,4.0,7.0,,0.0015186799446290278
27693,27693.0,1.0,17.0,18.0,4.0,8.0,,0.0003908552183886929
27694,27694.0,1.0,19.0,20.0,4.0,9.0,,0.0002779546123033185
27695,27695.0,1.0,21.0,22.0,4.0,10.0,,0.00013914185382172726
27696,27696.0,1.0,23.0,24.0,4.0,11.0,,0.00017391629857579693
27697,27697.0,1.0,25.0,26.0,4.0,12.0,,0.0004938787114530017
27698,27698.0,1.0,27.0,28.0,4.0,13.0,,0.005111567898847701
27699,27699.0,1.0,29.0,30.0,4.0,14.0,,0.0001708582664580397
27700,27700.0,1.0,31.0,32.0,4.0,15.0,,0.00023454616683644264
27701,27701.0,1.0,33.0,34.0,4.0,16.0,,0.0007389797149366741
27702,27702.0,1.0,35.0,36.0,4.0,17.0,,0.00021563496269043556
27703,27703.0,1.0,37.0,38.0,4.0,18.0,,0.0010066820916109166
27704,27704.0,1.0,39.0,40.0,4.0,19.0,,0.0004527929249317855
27705,27705.0,1.0,41.0,42.0,4.0,20.0,,9.104243586724083e-05
27706,27706.0,1.0,43.0,44.0,4.0,21.0,,0.00027584227938270647
27707,27707.0,1.0,45.0,46.0,4.0,22.0,,0.0009621880684460653
27708,27708.0,1.0,47.0,48.0,4.0,23.0,,0.00011509996727382307
27709,27709.0,1.0,49.0,50.0,4.0,24.0,,0.00033576869523486595
27710,27710.0,1.0,51.0,52.0,4.0,25.0,,0.00011079660393203695
27711,27711.0,1.0,53.0,54.0,4.0,26.0,,0.0009504137987551976
27712,27712.0,1.0,55.0,56.0,4.0,27.0,,0.0002996281322203631
27713,27713.0,1.0,57.0,58.0,4.0,28.0,,0.0004136032158627167
27714,27714.0,1.0,59.0,60.0,4.0,29.0,,0.0008033792499693407
27715,27715.0,1.0,61.0,62.0,4.0,30.0,,6.779829572727332e-05
27716,27716.0,1.0,63.0,64.0,4.0,31.0,,0.005132109828270265
27717,27717.0,1.0,65.0,66.0,4.0,32.0,,0.0029190913717887907
27718,27718.0,1.0,67.0,68.0,4.0,33.0,,0.00019539263119014346
27719,27719.0,1.0,69.0,70.0,4.0,34.0,,0.0003555993441538925
27720,27720.0,1.0,71.0,72.0,4.0,35.0,,1.8527245818744318e-05
27721,27721.0,1.0,73.0,74.0,4.0,36.0,,0.0023109470576002746
27722,27722.0,1.0,75.0,76.0,4.0,37.0,,0.0027586541950214475
27723,27723.0,1.0,77.0,78.0,4.0,38.0,,0.0005797983667850636
27724,27724.0,1.0,79.0,80.0,4.0,39.0,,0.0010334950841545344
27725,27725.0,1.0,81.0,82.0,4.0,40.0,,0.00044550117435971986
27726,27726.0,1.0,83.0,84.0,4.0,41.0,,0.001474045003051498
27727,27727.0,1.0,85.0,86.0,4.0,42.0,,0.0005370627574962411
27728,27728.0,1.0,87.0,88.0,4.0,43.0,,0.00013271774040556593
27729,27729.0,1.0,89.0,90.0,4.0,44.0,,0.000323748569163103
27730,27730.0,1.0,91.0,92.0,4.0,45.0,,0.00046086309692957477
27731,27731.0,1.0,93.0,94.0,4.0,46.0,,0.0010374248048780415
27732,27732.0,1.0,95.0,96.0,4.0,47.0,,0.003259745284735748
27733,27733.0,1.0,97.0,98.0,4.0,48.0,,0.0005884173901590911
27734,27734.0,1.0,99.0,100.0,4.0,49.0,,0.001330894490730729
27735,27735.0,1.0,101.0,102.0,4.0,50.0,,0.001159710661641765
27736,27736.0,1.0,103.0,104.0,4.0,51.0,,0.002154561763158798
27737,27737.0,1.0,105.0,106.0,4.0,52.0,,0.001964801886536773
27738,27738.0,1.0,107.0,108.0,4.0,53.0,,0.0011295325645246789
27739,27739.0,1.0,109.0,110.0,4.0,54.0,,0.0002636198407766042
27740,27740.0,1.0,111.0,112.0,4.0,55.0,,0.0001590322779896191
27741,27741.0,1.0,113.0,114.0,4.0,56.0,,0.00042150217073293574
27742,27742.0,1.0,115.0,116.0,4.0,57.0,,0.00040321118036966045
27743,27743.0,1.0,117.0,118.0,4.0,58.0,,0.0003138660610452256
27744,27744.0,1.0,119.0,120.0,4.0,59.0,,0.016972198835868174
27745,27745.0,1.0,121.0,122.0,4.0,60.0,,0.0006379329925711144
27746,27746.0,1.0,123.0,124.0,4.0,61.0,,0.005185477008174131
27747,27747.0,1.0,125.0,126.0,4.0,62.0,,0.0006074829197057263
27748,27748.0,1.0,127.0,128.0,4.0,63.0,,0.0010751712063026707
27749,27749.0,1.0,129.0,130.0,4.0,64.0,,0.0003649530276948347
27750,27750.0,1.0,131.0,132.0,4.0,65.0,,0.00030909595152687477
27751,27751.0,1.0,133.0,134.0,4.0,66.0,,0.0009460877250809458
27752,27752.0,1.0,135.0,136.0,4.0,67.0,,0.00028004542665154215
27753,27753.0,1.0,137.0,138.0,4.0,68.0,,0.00019120175557162382
27754,27754.0,1.0,139.0,140.0,4.0,69.0,,0.014089018472952405
27755,27755.0,1.0,141.0,142.0,4.0,70.0,,0.0001844319254591791
27756,27756.0,1.0,143.0,144.0,4.0,71.0,,0.00019998545564697142
27757,27757.0,1.0,145.0,146.0,4.0,72.0,,0.0003976727984601945
27758,27758.0,1.0,147.0,148.0,4.0,73.0,,0.011303639009274056
27759,27759.0,1.0,149.0,150.0,4.0,74.0,,0.00010852459561678704
27760,27760.0,1.0,151.0,152.0,4.0,75.0,,0.017758542985036686
27761,27761.0,1.0,153.0,154.0,4.0,76.0,,6.352552288844348e-05
27762,27762.0,1.0,155.0,156.0,4.0,77.0,,0.017513953415297014
27763,27763.0,1.0,157.0,158.0,4.0,78.0,,0.003837716623422162
27764,27764.0,1.0,159.0,160.0,4.0,79.0,,0.0016299058340149615
27765,27765.0,1.0,161.0,162.0,4.0,80.0,,0.00015950318814785132
27766,27766.0,1.0,163.0,164.0,4.0,81.0,,0.0009017819147740264
27767,27767.0,1.0,165.0,166.0,4.0,82.0,,0.0039202321442881475
27768,27768.0,1.0,167.0,168.0,4.0,83.0,,0.00010817520466173771
27769,27769.0,1.0,169.0,170.0,4.0,84.0,,0.00020856561037246873
27770,27770.0,1.0,171.0,172.0,4.0,85.0,,0.0013192587048719902
27771,27771.0,1.0,173.0,174.0,4.0,86.0,,0.0006188153060304258
27772,27772.0,1.0,175.0,176.0,4.0,87.0,,0.0015894076264732617
27773,27773.0,1.0,177.0,178.0,4.0,88.0,,0.006322605040426009
27774,27774.0,1.0,179.0,180.0,4.0,89.0,,0.002435714713107305
27775,27775.0,1.0,181.0,182.0,4.0,90.0,,0.00452993298071589
27776,27776.0,1.0,183.0,184.0,4.0,91.0,,0.0011708466404690566
27777,27777.0,1.0,185.0,186.0,4.0,92.0,,0.0016001344498774355
27778,27778.0,1.0,187.0,188.0,4.0,93.0,,0.0021090399848592467
27779,27779.0,1.0,189.0,190.0,4.0,94.0,,0.0015891844919613228
27780,27780.0,1.0,191.0,192.0,4.0,95.0,,0.0017255790704748376
27781,27781.0,1.0,193.0,194.0,4.0,96.0,,9.62205516077802e-05
27782,27782.0,1.0,195.0,196.0,4.0,97.0,,0.0001702676099929082
27783,27783.0,1.0,197.0,198.0,4.0,98.0,,0.0012306200446206036
27784,27784.0,1.0,199.0,200.0,4.0,99.0,,0.0007165168855821274
27785,27785.0,1.0,201.0,202.0,4.0,100.0,,0.013112006513114739
27786,27786.0,1.0,203.0,204.0,4.0,101.0,,0.0011659815622727509
27787,27787.0,1.0,205.0,206.0,4.0,102.0,,0.0022273441585720284
27788,27788.0,1.0,207.0,208.0,4.0,103.0,,0.000900444634918537
27789,27789.0,1.0,209.0,210.0,4.0,104.0,,0.007130913204573558
27790,27790.0,1.0,211.0,212.0,4.0,105.0,,0.0003299398236504918
27791,27791.0,1.0,213.0,214.0,4.0,106.0,,0.0045820164083390045
27792,27792.0,1.0,215.0,216.0,4.0,107.0,,0.0037062622880364503
27793,27793.0,1.0,217.0,218.0,4.0,108.0,,0.0026882561775558467
27794,27794.0,1.0,219.0,220.0,4.0,109.0,,0.0022153977318347634
27795,27795.0,1.0,221.0,222.0,4.0,110.0,,0.002128187540123343
27796,27796.0,1.0,223.0,224.0,4.0,111.0,,0.0015960258732735794
27797,27797.0,1.0,225.0,226.0,4.0,112.0,,0.00012098115734061448
27798,27798.0,1.0,227.0,228.0,4.0,113.0,,0.0007552997069565629
27799,27799.0,1.0,229.0,230.0,4.0,114.0,,0.003864874395085252
27800,27800.0,1.0,231.0,232.0,4.0,115.0,,0.0003214455659988773
27801,27801.0,1.0,233.0,234.0,4.0,116.0,,0.00023629354462123342
27802,27802.0,1.0,235.0,236.0,4.0,117.0,,0.0025126465455314628
27803,27803.0,1.0,237.0,238.0,4.0,118.0,,0.0025651097034305333
27804,27804.0,1.0,239.0,240.0,4.0,119.0,,0.0013713791623034255
27805,27805.0,1.0,241.0,242.0,4.0,120.0,,6.184692344257344e-05
27806,27806.0,1.0,243.0,244.0,4.0,121.0,,0.016404121393625737
27807,27807.0,1.0,245.0,246.0,4.0,122.0,,0.0009714009823039905
27808,27808.0,1.0,247.0,248.0,4.0,123.0,,0.00014391197841272604
27809,27809.0,1.0,249.0,250.0,4.0,124.0,,0.0016455238424466724
27810,27810.0,1.0,251.0,252.0,4.0,125.0,,0.0006386795485224685
27811,27811.0,1.0,253.0,254.0,4.0,126.0,,0.0002628818531780219
27812,27812.0,1.0,255.0,256.0,4.0,127.0,,0.002825366560658849
27813,27813.0,1.0,257.0,258.0,4.0,128.0,,0.00043780882133423086
27814,27814.0,1.0,259.0,260.0,4.0,129.0,,0.01830722197411013
27815,27815.0,1.0,261.0,262.0,4.0,130.0,,0.0001169886875606623
27816,27816.0,1.0,263.0,264.0,4.0,131.0,,7.832499154771568e-05
27817,27817.0,1.0,265.0,266.0,4.0,132.0,,0.00012572978338225738
28513,28513.0,1.0,267.0,268.0,4.0,133.0,,9.208422861993023e-05
27818,27818.0,1.0,269.0,270.0,4.0,134.0,,0.0035547215318098365
27819,27819.0,1.0,271.0,272.0,4.0,135.0,,5.227501450786519e-05
27820,27820.0,1.0,273.0,274.0,4.0,136.0,,0.00714348016704358
27821,27821.0,1.0,275.0,276.0,4.0,137.0,,0.00017896949188585072
27822,27822.0,1.0,277.0,278.0,4.0,138.0,,0.00018571523299269836
27823,27823.0,1.0,279.0,280.0,4.0,139.0,,0.0005414577286580513
27824,27824.0,1.0,281.0,282.0,4.0,140.0,,0.0017038417538320248
27825,27825.0,1.0,283.0,284.0,4.0,141.0,,0.0019380676777301755
27826,27826.0,1.0,285.0,286.0,4.0,142.0,,0.0010699533606732675
27827,27827.0,1.0,287.0,288.0,4.0,143.0,,0.008269930637387683
27828,27828.0,1.0,289.0,290.0,4.0,144.0,,0.01722290493884612
27829,27829.0,1.0,291.0,292.0,4.0,145.0,,0.0018527798498331892
27830,27830.0,1.0,293.0,294.0,4.0,146.0,,0.00020084041674445433
27831,27831.0,1.0,295.0,296.0,4.0,147.0,,0.01014726562363271
27832,27832.0,1.0,297.0,298.0,4.0,148.0,,0.00867627361847252
27833,27833.0,1.0,299.0,300.0,4.0,149.0,,0.0018100691414246258
27834,27834.0,1.0,301.0,302.0,4.0,150.0,,0.0011029951521894983
27835,27835.0,1.0,303.0,304.0,4.0,151.0,,0.0009579320804682912
27836,27836.0,1.0,305.0,306.0,4.0,152.0,,0.006272215412162669
27837,27837.0,1.0,307.0,308.0,4.0,153.0,,0.00024353944869529368
27838,27838.0,1.0,309.0,310.0,4.0,154.0,,0.0001803984440387848
27839,27839.0,1.0,311.0,312.0,4.0,155.0,,0.0005858195752735356
27840,27840.0,1.0,313.0,314.0,4.0,156.0,,0.0036056130908165692
27841,27841.0,1.0,315.0,316.0,4.0,157.0,,0.00031943054207011974
27842,27842.0,1.0,317.0,318.0,4.0,158.0,,0.003594608731182853
27843,27843.0,1.0,319.0,320.0,4.0,159.0,,5.35338338582573e-05
27844,27844.0,1.0,321.0,322.0,4.0,160.0,,0.0001552142842293865
27845,27845.0,1.0,323.0,324.0,4.0,161.0,,0.0011999174053282306
27846,27846.0,1.0,325.0,326.0,4.0,162.0,,0.003679114712304574
27847,27847.0,1.0,327.0,328.0,4.0,163.0,,0.0008134369259871494
27848,27848.0,1.0,329.0,330.0,4.0,164.0,,0.002342877402405806
27849,27849.0,1.0,331.0,332.0,4.0,165.0,,0.0005664376727618719
27850,27850.0,1.0,333.0,334.0,4.0,166.0,,0.00021013242218365433
27851,27851.0,1.0,335.0,336.0,4.0,167.0,,0.002682035258171008
27852,27852.0,1.0,337.0,338.0,4.0,168.0,,0.00035909420623482584
27853,27853.0,1.0,339.0,340.0,4.0,169.0,,0.0005184823523579707
28514,28514.0,1.0,341.0,342.0,4.0,170.0,,0.0002830484460466824
27854,27854.0,1.0,343.0,344.0,4.0,171.0,,0.008512227690384403
27855,27855.0,1.0,345.0,346.0,4.0,172.0,,0.0002087465476049582
27856,27856.0,1.0,347.0,348.0,4.0,173.0,,3.9896907194823067e-05
27857,27857.0,1.0,349.0,350.0,4.0,174.0,,0.0008824273724836115
27858,27858.0,1.0,351.0,352.0,4.0,175.0,,0.007814977516984215
27859,27859.0,1.0,353.0,354.0,4.0,176.0,,0.00015766545223531005
27860,27860.0,1.0,355.0,356.0,4.0,177.0,,0.00027667213799480894
27861,27861.0,1.0,357.0,358.0,4.0,178.0,,0.00019774975047998157
27862,27862.0,1.0,359.0,360.0,4.0,179.0,,0.0016809570229682216
27863,27863.0,1.0,361.0,362.0,4.0,180.0,,0.005075619827622174
27864,27864.0,1.0,363.0,364.0,4.0,181.0,,0.0002889700676096891
27865,27865.0,1.0,365.0,366.0,4.0,182.0,,0.0064449738839728226
27866,27866.0,1.0,367.0,368.0,4.0,183.0,,0.005387447306775309
27867,27867.0,1.0,369.0,370.0,4.0,184.0,,0.0029014181072489135
27868,27868.0,1.0,371.0,372.0,4.0,185.0,,0.004203240265968663
27869,27869.0,1.0,373.0,374.0,4.0,186.0,,0.008221489485754959
27870,27870.0,1.0,375.0,376.0,4.0,187.0,,0.00025686603934533685
27871,27871.0,1.0,377.0,378.0,4.0,188.0,,5.2123253205648006e-05
27872,27872.0,1.0,379.0,380.0,4.0,189.0,,0.0022606235129329698
27873,27873.0,1.0,381.0,382.0,4.0,190.0,,0.010682243786318596
27874,27874.0,1.0,383.0,384.0,4.0,191.0,,9.249944505710243e-05
27875,27875.0,1.0,385.0,386.0,4.0,192.0,,0.0069497948287388
27876,27876.0,1.0,387.0,388.0,4.0,193.0,,0.0008501306161418804
27877,27877.0,1.0,389.0,390.0,4.0,194.0,,0.00016282588733046997
27878,27878.0,1.0,391.0,392.0,4.0,195.0,,0.009950120073819152
27879,27879.0,1.0,393.0,394.0,4.0,196.0,,0.003489639086298921
27880,27880.0,1.0,395.0,396.0,4.0,197.0,,0.005341287816592422
27881,27881.0,1.0,397.0,398.0,4.0,198.0,,0.00048061798621245986
27882,27882.0,1.0,399.0,400.0,4.0,199.0,,0.007012667976178659
27883,27883.0,1.0,401.0,402.0,4.0,200.0,,0.00703313045773017
27884,27884.0,1.0,403.0,404.0,4.0,201.0,,0.0009731596168076087
27885,27885.0,1.0,405.0,406.0,4.0,202.0,,0.002119896513740852
27886,27886.0,1.0,407.0,408.0,4.0,203.0,,8.295487888613907e-05
27887,27887.0,1.0,409.0,410.0,4.0,204.0,,9.338915238348999e-05
27888,27888.0,1.0,411.0,412.0,4.0,205.0,,0.010592788847261125
27889,27889.0,1.0,413.0,414.0,4.0,206.0,,6.427452956492228e-05
27890,27890.0,1.0,415.0,416.0,4.0,207.0,,0.0002669875763201807
27891,27891.0,1.0,417.0,418.0,4.0,208.0,,0.03699019551352011
27892,27892.0,1.0,419.0,420.0,4.0,209.0,,0.004713746241926875
27893,27893.0,1.0,421.0,422.0,4.0,210.0,,0.009033382630268094
27894,27894.0,1.0,423.0,424.0,4.0,211.0,,0.00749144710383566
27895,27895.0,1.0,425.0,426.0,4.0,212.0,,0.0007522538875585442
27896,27896.0,1.0,427.0,428.0,4.0,213.0,,0.01006464044837142
27897,27897.0,1.0,429.0,430.0,4.0,214.0,,0.00044127963249557115
27898,27898.0,1.0,431.0,432.0,4.0,215.0,,0.00022842597497513544
27899,27899.0,1.0,433.0,434.0,4.0,216.0,,0.007133764373884244
27900,27900.0,1.0,435.0,436.0,4.0,217.0,,0.00015789823196680304
27901,27901.0,1.0,437.0,438.0,4.0,218.0,,0.010166417334867839
27902,27902.0,1.0,439.0,440.0,4.0,219.0,,9.190417432970003e-05
27903,27903.0,1.0,441.0,442.0,4.0,220.0,,0.0006763426280724375
27904,27904.0,1.0,443.0,444.0,4.0,221.0,,0.004791243327744939
27905,27905.0,1.0,445.0,446.0,4.0,222.0,,0.01759399075368521
27906,27906.0,1.0,447.0,448.0,4.0,223.0,,0.00587306729919125
27907,27907.0,1.0,449.0,450.0,4.0,224.0,,0.0003204280991732134
27908,27908.0,1.0,451.0,452.0,4.0,225.0,,0.0006371603222460774
27909,27909.0,1.0,453.0,454.0,4.0,226.0,,0.009803084830588974
27910,27910.0,1.0,455.0,456.0,4.0,227.0,,0.0010802378465859987
27911,27911.0,1.0,457.0,458.0,4.0,228.0,,0.0015917083157815544
27912,27912.0,1.0,459.0,460.0,4.0,229.0,,0.0006713108773266883
27913,27913.0,1.0,461.0,462.0,4.0,230.0,,0.0011410849060412604
27914,27914.0,1.0,463.0,464.0,4.0,231.0,,9.495599243731878e-05
27915,27915.0,1.0,465.0,466.0,4.0,232.0,,0.0001787118310369534
27916,27916.0,1.0,467.0,468.0,4.0,233.0,,0.0001906196497694981
27917,27917.0,1.0,469.0,470.0,4.0,234.0,,0.008699200844894828
27918,27918.0,1.0,471.0,472.0,4.0,235.0,,0.0007183813559986526
27919,27919.0,1.0,473.0,474.0,4.0,236.0,,3.328724343903352e-05
27920,27920.0,1.0,475.0,476.0,4.0,237.0,,6.59769660121262e-05
27921,27921.0,1.0,477.0,478.0,4.0,238.0,,0.0002662193762225148
27922,27922.0,1.0,479.0,480.0,4.0,239.0,,0.0047417301429819895
27923,27923.0,1.0,481.0,482.0,4.0,240.0,,0.00029020575474998986
27924,27924.0,1.0,483.0,484.0,4.0,241.0,,0.001653867724770498
27925,27925.0,1.0,485.0,486.0,4.0,242.0,,0.0004008258892945659
27926,27926.0,1.0,487.0,488.0,4.0,243.0,,0.00015226067254526718
27927,27927.0,1.0,489.0,490.0,4.0,244.0,,0.00017906439671534768
27928,27928.0,1.0,491.0,492.0,4.0,245.0,,7.454863640594073e-05
27929,27929.0,1.0,493.0,494.0,4.0,246.0,,5.0210657207446364e-05
27930,27930.0,1.0,495.0,496.0,4.0,247.0,,0.004387224034019009
27931,27931.0,1.0,497.0,498.0,4.0,248.0,,0.00030776895668109154
27932,27932.0,1.0,499.0,500.0,4.0,249.0,,0.002626596321538647
27933,27933.0,1.0,501.0,502.0,4.0,250.0,,0.00033504466321003534
27934,27934.0,1.0,503.0,504.0,4.0,251.0,,0.006322597103543544
28515,28515.0,1.0,505.0,506.0,4.0,252.0,,0.0004549873365720153
27935,27935.0,1.0,507.0,508.0,4.0,253.0,,0.022048626881505665
27936,27936.0,1.0,509.0,510.0,4.0,254.0,,0.00015952630610500224
27937,27937.0,1.0,511.0,512.0,4.0,255.0,,0.00013609387566657774
27938,27938.0,1.0,513.0,514.0,4.0,256.0,,0.000568303604721131
27939,27939.0,1.0,515.0,516.0,4.0,257.0,,0.00039775959352698773
27940,27940.0,1.0,517.0,518.0,4.0,258.0,,0.01507155504907301
27941,27941.0,1.0,519.0,520.0,4.0,259.0,,4.3687779236233045e-05
27942,27942.0,1.0,521.0,522.0,4.0,260.0,,0.010900002385227595
27943,27943.0,1.0,523.0,524.0,4.0,261.0,,0.0005777153500009335
27944,27944.0,1.0,525.0,526.0,4.0,262.0,,0.0008249285660312936
27945,27945.0,1.0,527.0,528.0,4.0,263.0,,0.0005952932799363994
27946,27946.0,1.0,529.0,530.0,4.0,264.0,,0.0004156415069285709
27947,27947.0,1.0,531.0,532.0,4.0,265.0,,0.021534758072750425
27948,27948.0,1.0,533.0,534.0,4.0,266.0,,0.00010197499056511207
27949,27949.0,1.0,535.0,536.0,4.0,267.0,,4.478104254368338e-05
27950,27950.0,1.0,537.0,538.0,4.0,268.0,,0.0002598222936400752
27951,27951.0,1.0,539.0,540.0,4.0,269.0,,0.005682216978730695
27952,27952.0,1.0,541.0,542.0,4.0,270.0,,0.0004121474414272417
27953,27953.0,1.0,543.0,544.0,4.0,271.0,,8.059210407615568e-05
27954,27954.0,1.0,545.0,546.0,4.0,272.0,,0.00215521525781593
27955,27955.0,1.0,547.0,548.0,4.0,273.0,,0.000946792292264806
27956,27956.0,1.0,549.0,550.0,4.0,274.0,,0.0010844994820764203
27957,27957.0,1.0,551.0,552.0,4.0,275.0,,0.0011410587926950241
27958,27958.0,1.0,553.0,554.0,4.0,276.0,,0.0004193754043641644
27959,27959.0,1.0,555.0,556.0,4.0,277.0,,0.0006459034927725194
27960,27960.0,1.0,557.0,558.0,4.0,278.0,,0.002161929667937108
27961,27961.0,1.0,559.0,560.0,4.0,279.0,,0.002145846950919102
27962,27962.0,1.0,561.0,562.0,4.0,280.0,,0.000661689496741342
27963,27963.0,1.0,563.0,564.0,4.0,281.0,,6.81206313405206e-05
27964,27964.0,1.0,565.0,566.0,4.0,282.0,,0.0024810191071850275
27965,27965.0,1.0,567.0,568.0,4.0,283.0,,0.0005275686270932753
27966,27966.0,1.0,569.0,570.0,4.0,284.0,,0.0011065481628458255
27967,27967.0,1.0,571.0,572.0,4.0,285.0,,0.0004857761720413946
27968,27968.0,1.0,573.0,574.0,4.0,286.0,,0.0007492014220991161
27969,27969.0,1.0,575.0,576.0,4.0,287.0,,0.000988294387613868
27970,27970.0,1.0,577.0,578.0,4.0,288.0,,0.022569212176508556
27971,27971.0,1.0,579.0,580.0,4.0,289.0,,0.00022252257936966277
27972,27972.0,1.0,581.0,582.0,4.0,290.0,,0.004749667000049433
27973,27973.0,1.0,583.0,584.0,4.0,291.0,,0.0005360450107431738
27974,27974.0,1.0,585.0,586.0,4.0,292.0,,0.000126180334676202
27975,27975.0,1.0,587.0,588.0,4.0,293.0,,6.523369589897307e-05
27976,27976.0,1.0,589.0,590.0,4.0,294.0,,0.008456670485793266
27977,27977.0,1.0,591.0,592.0,4.0,295.0,,0.004693582251650245
27978,27978.0,1.0,593.0,594.0,4.0,296.0,,0.004385727775270202
27979,27979.0,1.0,595.0,596.0,4.0,297.0,,0.0008102144040655903
27980,27980.0,1.0,597.0,598.0,4.0,298.0,,0.004741940947624764
27981,27981.0,1.0,599.0,600.0,4.0,299.0,,0.004868097555411952
27982,27982.0,1.0,601.0,602.0,4.0,300.0,,2.8673066650890937e-05
27983,27983.0,1.0,603.0,604.0,4.0,301.0,,0.0019276066105962239
27984,27984.0,1.0,605.0,606.0,4.0,302.0,,0.0037627773273748253
27985,27985.0,1.0,607.0,608.0,4.0,303.0,,0.00818137275345539
27986,27986.0,1.0,609.0,610.0,4.0,304.0,,0.0006808927903556893
27987,27987.0,1.0,611.0,612.0,4.0,305.0,,0.006102770317357166
27988,27988.0,1.0,613.0,614.0,4.0,306.0,,0.00018121873778086117
27989,27989.0,1.0,615.0,616.0,4.0,307.0,,0.006708574825473828
27990,27990.0,1.0,617.0,618.0,4.0,308.0,,0.007208624764509127
27991,27991.0,1.0,619.0,620.0,4.0,309.0,,0.0011427164514208232
27992,27992.0,1.0,621.0,622.0,4.0,310.0,,0.0018016436256642306
27993,27993.0,1.0,623.0,624.0,4.0,311.0,,0.007812986277321738
27994,27994.0,1.0,625.0,626.0,4.0,312.0,,0.00034925610201406835
27995,27995.0,1.0,627.0,628.0,4.0,313.0,,0.007308800616128868
27996,27996.0,1.0,629.0,630.0,4.0,314.0,,0.003889989734557454
27997,27997.0,1.0,631.0,632.0,4.0,315.0,,0.0006464506225516896
27998,27998.0,1.0,633.0,634.0,4.0,316.0,,0.007156953243319262
27999,27999.0,1.0,635.0,636.0,4.0,317.0,,0.0077439611383507525
28000,28000.0,1.0,637.0,638.0,4.0,318.0,,0.003631901100921095
28001,28001.0,1.0,639.0,640.0,4.0,319.0,,0.00031248662968199774
28002,28002.0,1.0,641.0,642.0,4.0,320.0,,0.006481155509543735
28003,28003.0,1.0,643.0,644.0,4.0,321.0,,0.009090514621085214
28004,28004.0,1.0,645.0,646.0,4.0,322.0,,0.0019354839730458008
28005,28005.0,1.0,647.0,648.0,4.0,323.0,,0.0010905820259007456
28006,28006.0,1.0,649.0,650.0,4.0,324.0,,0.00013748280887517785
28007,28007.0,1.0,651.0,652.0,4.0,325.0,,0.00014832023938743933
28008,28008.0,1.0,653.0,654.0,4.0,326.0,,0.0008941282501561217
28009,28009.0,1.0,655.0,656.0,4.0,327.0,,0.006420168132727449
28010,28010.0,1.0,657.0,658.0,4.0,328.0,,0.0020140863359690386
28011,28011.0,1.0,659.0,660.0,4.0,329.0,,0.009350180744517132
28012,28012.0,1.0,661.0,662.0,4.0,330.0,,0.009695239364368669
28013,28013.0,1.0,663.0,664.0,4.0,331.0,,0.006204709367117177
28014,28014.0,1.0,665.0,666.0,4.0,332.0,,0.025879582353356516
28015,28015.0,1.0,667.0,668.0,4.0,333.0,,0.00867760410771556
28016,28016.0,1.0,669.0,670.0,4.0,334.0,,2.959027812711599e-05
28017,28017.0,1.0,671.0,672.0,4.0,335.0,,4.214871596332907e-05
28018,28018.0,1.0,673.0,674.0,4.0,336.0,,0.001067363372966719
28019,28019.0,1.0,675.0,676.0,4.0,337.0,,3.265997616746072e-05
28020,28020.0,1.0,677.0,678.0,4.0,338.0,,0.00022627245127990057
28021,28021.0,1.0,679.0,680.0,4.0,339.0,,0.004169391738836114
28022,28022.0,1.0,681.0,682.0,4.0,340.0,,0.013285233866651504
28023,28023.0,1.0,683.0,684.0,4.0,341.0,,5.499170948563016e-05
28024,28024.0,1.0,685.0,686.0,4.0,342.0,,7.023973459412301e-05
28025,28025.0,1.0,687.0,688.0,4.0,343.0,,0.003602094272490428
28026,28026.0,1.0,689.0,690.0,4.0,344.0,,3.1025347102367175e-05
28027,28027.0,1.0,691.0,692.0,4.0,345.0,,0.0003474173128542112
28028,28028.0,1.0,693.0,694.0,4.0,346.0,,0.0002729606690981986
28029,28029.0,1.0,695.0,696.0,4.0,347.0,,0.011697516499049062
28030,28030.0,1.0,697.0,698.0,4.0,348.0,,0.004354119967965002
28031,28031.0,1.0,699.0,700.0,4.0,349.0,,0.00046772725719988935
28032,28032.0,1.0,701.0,702.0,4.0,350.0,,8.425103249243882e-05
28033,28033.0,1.0,703.0,704.0,4.0,351.0,,2.552492233625111e-05
28034,28034.0,1.0,705.0,706.0,4.0,352.0,,0.000510146966224592
28035,28035.0,1.0,707.0,708.0,4.0,353.0,,0.01523907206688069
28036,28036.0,1.0,709.0,710.0,4.0,354.0,,0.0022218684642393376
28037,28037.0,1.0,711.0,712.0,4.0,355.0,,0.0023174527918127514
28038,28038.0,1.0,713.0,714.0,4.0,356.0,,0.0001973734056344545
28039,28039.0,1.0,715.0,716.0,4.0,357.0,,0.0003634398666511236
28040,28040.0,1.0,717.0,718.0,4.0,358.0,,0.011982194098907458
28041,28041.0,1.0,719.0,720.0,4.0,359.0,,0.006223027856431956
28042,28042.0,1.0,721.0,722.0,4.0,360.0,,0.00048364089482581227
28043,28043.0,1.0,723.0,724.0,4.0,361.0,,0.0018979278183086797
28044,28044.0,1.0,725.0,726.0,4.0,362.0,,0.011897180679588466
28045,28045.0,1.0,727.0,728.0,4.0,363.0,,4.56229243003765e-05
28046,28046.0,1.0,729.0,730.0,4.0,364.0,,0.0021175577806912455
28047,28047.0,1.0,731.0,732.0,4.0,365.0,,0.0040831939058290564
28048,28048.0,1.0,733.0,734.0,4.0,366.0,,0.0007594628556362427
28049,28049.0,1.0,735.0,736.0,4.0,367.0,,7.379691136735522e-05
28050,28050.0,1.0,737.0,738.0,4.0,368.0,,0.0011165088821482837
28051,28051.0,1.0,739.0,740.0,4.0,369.0,,4.2081462958019e-05
28052,28052.0,1.0,741.0,742.0,4.0,370.0,,0.0014565662991627118
28053,28053.0,1.0,743.0,744.0,4.0,371.0,,0.0025868690795913456
28054,28054.0,1.0,745.0,746.0,4.0,372.0,,0.001695139459361235
28055,28055.0,1.0,747.0,748.0,4.0,373.0,,0.0001669054552369043
28056,28056.0,1.0,749.0,750.0,4.0,374.0,,0.001327282344820195
28057,28057.0,1.0,751.0,752.0,4.0,375.0,,2.685020819366198e-05
28058,28058.0,1.0,753.0,754.0,4.0,376.0,,0.0012316956411038966
28059,28059.0,1.0,755.0,756.0,4.0,377.0,,0.0004109095714110565
28060,28060.0,1.0,757.0,758.0,4.0,378.0,,0.00020396272567909678
28061,28061.0,1.0,759.0,760.0,4.0,379.0,,0.00025440001942354795
28062,28062.0,1.0,761.0,762.0,4.0,380.0,,0.0043179611262961345
28063,28063.0,1.0,763.0,764.0,4.0,381.0,,0.004754194961574508
28064,28064.0,1.0,765.0,766.0,4.0,382.0,,0.002625169555827726
28065,28065.0,1.0,767.0,768.0,4.0,383.0,,0.0020839554114149062
28066,28066.0,1.0,769.0,770.0,4.0,384.0,,0.0002627518621045799
28067,28067.0,1.0,771.0,772.0,4.0,385.0,,3.688227231108383e-05
28068,28068.0,1.0,773.0,774.0,4.0,386.0,,0.0005057237673467696
28069,28069.0,1.0,775.0,776.0,4.0,387.0,,0.013808746255275662
28070,28070.0,1.0,777.0,778.0,4.0,388.0,,0.0019732306530982754
28071,28071.0,1.0,779.0,780.0,4.0,389.0,,0.00015494888000508017
28072,28072.0,1.0,781.0,782.0,4.0,390.0,,0.00041594220494389983
28073,28073.0,1.0,783.0,784.0,4.0,391.0,,0.0008900603828194286
28074,28074.0,1.0,785.0,786.0,4.0,392.0,,0.0001419288037688713
28075,28075.0,1.0,787.0,788.0,4.0,393.0,,8.966205782981348e-05
28370,28370.0,1.0,789.0,790.0,4.0,394.0,,0.00010798601856102505
28076,28076.0,1.0,791.0,792.0,4.0,395.0,,0.002995617121772014
28077,28077.0,1.0,793.0,794.0,4.0,396.0,,0.00267266806719525
28078,28078.0,1.0,795.0,796.0,4.0,397.0,,0.0035436968622855184
28079,28079.0,1.0,797.0,798.0,4.0,398.0,,0.00047312116485664853
28080,28080.0,1.0,799.0,800.0,4.0,399.0,,0.003210514835027722
28081,28081.0,1.0,801.0,802.0,4.0,400.0,,0.0010421662024055363
28082,28082.0,1.0,803.0,804.0,4.0,401.0,,0.0004540008049956644
28083,28083.0,1.0,805.0,806.0,4.0,402.0,,0.0038186721535295523
28084,28084.0,1.0,807.0,808.0,4.0,403.0,,0.030759167161927076
28085,28085.0,1.0,809.0,810.0,4.0,404.0,,0.0018597472548565256
28086,28086.0,1.0,811.0,812.0,4.0,405.0,,0.0003271893506994206
28087,28087.0,1.0,813.0,814.0,4.0,406.0,,0.005671357005616336
28088,28088.0,1.0,815.0,816.0,4.0,407.0,,0.00015083643724429958
28089,28089.0,1.0,817.0,818.0,4.0,408.0,,0.00012123909536204732
28090,28090.0,1.0,819.0,820.0,4.0,409.0,,0.0060442267025362555
28091,28091.0,1.0,821.0,822.0,4.0,410.0,,0.0001571189463567608
28092,28092.0,1.0,823.0,824.0,4.0,411.0,,0.0031228473796158845
28093,28093.0,1.0,825.0,826.0,4.0,412.0,,0.0013503397421793268
28094,28094.0,1.0,827.0,828.0,4.0,413.0,,0.005402287648367735
28095,28095.0,1.0,829.0,830.0,4.0,414.0,,0.008265395181079525
28096,28096.0,1.0,831.0,832.0,4.0,415.0,,0.0019292821207915784
28097,28097.0,1.0,833.0,834.0,4.0,416.0,,0.0007947872131652696
28098,28098.0,1.0,835.0,836.0,4.0,417.0,,0.005393145169895973
28099,28099.0,1.0,837.0,838.0,4.0,418.0,,0.0002199496621087823
28100,28100.0,1.0,839.0,840.0,4.0,419.0,,0.00022142366280552945
28101,28101.0,1.0,841.0,842.0,4.0,420.0,,0.0007215126536647207
28102,28102.0,1.0,843.0,844.0,4.0,421.0,,0.0016662126614108434
28103,28103.0,1.0,845.0,846.0,4.0,422.0,,0.003923587172667592
28104,28104.0,1.0,847.0,848.0,4.0,423.0,,0.0006050189582988592
28105,28105.0,1.0,849.0,850.0,4.0,424.0,,0.0005307360974214469
28106,28106.0,1.0,851.0,852.0,4.0,425.0,,8.690553726991495e-05
28107,28107.0,1.0,853.0,854.0,4.0,426.0,,7.328628465755462e-05
28108,28108.0,1.0,855.0,856.0,4.0,427.0,,0.012225576680263901
28109,28109.0,1.0,857.0,858.0,4.0,428.0,,0.007540040984648394
28110,28110.0,1.0,859.0,860.0,4.0,429.0,,0.0019243611092098815
28111,28111.0,1.0,861.0,862.0,4.0,430.0,,5.212742580588702e-05
28112,28112.0,1.0,863.0,864.0,4.0,431.0,,0.0030440098072721483
28113,28113.0,1.0,865.0,866.0,4.0,432.0,,0.000324935580346267
28114,28114.0,1.0,867.0,868.0,4.0,433.0,,6.160802914101642e-05
28115,28115.0,1.0,869.0,870.0,4.0,434.0,,0.021264914509008803
28116,28116.0,1.0,871.0,872.0,4.0,435.0,,0.0004232249792092042
28117,28117.0,1.0,873.0,874.0,4.0,436.0,,0.0002831040511551449
28118,28118.0,1.0,875.0,876.0,4.0,437.0,,0.0020773723431205845
28119,28119.0,1.0,877.0,878.0,4.0,438.0,,0.020468649223173593
28120,28120.0,1.0,879.0,880.0,4.0,439.0,,0.004661605446304493
28121,28121.0,1.0,881.0,882.0,4.0,440.0,,0.0009993732826441633
28122,28122.0,1.0,883.0,884.0,4.0,441.0,,0.0025814019048310483
28123,28123.0,1.0,885.0,886.0,4.0,442.0,,0.0006577631650198103
28124,28124.0,1.0,887.0,888.0,4.0,443.0,,0.00891098662183004
28125,28125.0,1.0,889.0,890.0,4.0,444.0,,0.003278835065679972
28126,28126.0,1.0,891.0,892.0,4.0,445.0,,0.005165101535830127
28127,28127.0,1.0,893.0,894.0,4.0,446.0,,0.0008529175624388834
28128,28128.0,1.0,895.0,896.0,4.0,447.0,,0.0001786311836183423
28129,28129.0,1.0,897.0,898.0,4.0,448.0,,0.00040207078903096755
28130,28130.0,1.0,899.0,900.0,4.0,449.0,,0.008647321537900866
28131,28131.0,1.0,901.0,902.0,4.0,450.0,,0.003387154855415677
28132,28132.0,1.0,903.0,904.0,4.0,451.0,,0.0009433138285593342
28133,28133.0,1.0,905.0,906.0,4.0,452.0,,0.0031259335892752636
28134,28134.0,1.0,907.0,908.0,4.0,453.0,,0.0012415439865841869
28135,28135.0,1.0,909.0,910.0,4.0,454.0,,5.176609540563179e-05
28136,28136.0,1.0,911.0,912.0,4.0,455.0,,0.0091965874149906
28137,28137.0,1.0,913.0,914.0,4.0,456.0,,0.0022262809488427797
28138,28138.0,1.0,915.0,916.0,4.0,457.0,,0.00462768656003202
28139,28139.0,1.0,917.0,918.0,4.0,458.0,,0.0029937038017536837
28140,28140.0,1.0,919.0,920.0,4.0,459.0,,5.9557224532831156e-05
28141,28141.0,1.0,921.0,922.0,4.0,460.0,,0.00015557313186628238
28142,28142.0,1.0,923.0,924.0,4.0,461.0,,0.0010852483329635647
28143,28143.0,1.0,925.0,926.0,4.0,462.0,,5.367695166306884e-05
28144,28144.0,1.0,927.0,928.0,4.0,463.0,,0.008047719093890822
28145,28145.0,1.0,929.0,930.0,4.0,464.0,,0.0002990404388387049
28146,28146.0,1.0,931.0,932.0,4.0,465.0,,0.0033826650634722183
28147,28147.0,1.0,933.0,934.0,4.0,466.0,,0.0002743810802404588
28856,28856.0,1.0,935.0,936.0,4.0,467.0,,0.0001960075067417972
28148,28148.0,1.0,937.0,938.0,4.0,468.0,,0.002479307259938705
28149,28149.0,1.0,939.0,940.0,4.0,469.0,,0.00037026162473874694
28150,28150.0,1.0,941.0,942.0,4.0,470.0,,0.00039523158867928296
28151,28151.0,1.0,943.0,944.0,4.0,471.0,,0.011614982592985896
28152,28152.0,1.0,945.0,946.0,4.0,472.0,,8.195289190640988e-05
28153,28153.0,1.0,947.0,948.0,4.0,473.0,,0.02651498186792067
28154,28154.0,1.0,949.0,950.0,4.0,474.0,,0.008224901383630542
28155,28155.0,1.0,951.0,952.0,4.0,475.0,,0.00023741225638633867
28156,28156.0,1.0,953.0,954.0,4.0,476.0,,0.007324599394520103
28157,28157.0,1.0,955.0,956.0,4.0,477.0,,8.506570745580317e-05
28158,28158.0,1.0,957.0,958.0,4.0,478.0,,0.00016085010425801266
28159,28159.0,1.0,959.0,960.0,4.0,479.0,,0.00010139846829847168
28160,28160.0,1.0,961.0,962.0,4.0,480.0,,0.0001461102669773667
28161,28161.0,1.0,963.0,964.0,4.0,481.0,,0.0005875654175118161
28162,28162.0,1.0,965.0,966.0,4.0,482.0,,2.6773266217890424e-05
28163,28163.0,1.0,967.0,968.0,4.0,483.0,,0.014758078978732611
28164,28164.0,1.0,969.0,970.0,4.0,484.0,,0.0010518104591941636
28165,28165.0,1.0,971.0,972.0,4.0,485.0,,0.0029820165692386012
28166,28166.0,1.0,973.0,974.0,4.0,486.0,,0.004069995499456483
28167,28167.0,1.0,975.0,976.0,4.0,487.0,,0.007857788621193745
28168,28168.0,1.0,977.0,978.0,4.0,488.0,,0.0003810556297942548
28169,28169.0,1.0,979.0,980.0,4.0,489.0,,0.004130283366431273
28170,28170.0,1.0,981.0,982.0,4.0,490.0,,6.958189233310228e-05
28171,28171.0,1.0,983.0,984.0,4.0,491.0,,0.001214082898333488
28172,28172.0,1.0,985.0,986.0,4.0,492.0,,0.002364224696263405
28173,28173.0,1.0,987.0,988.0,4.0,493.0,,0.00011378731459550779
28174,28174.0,1.0,989.0,990.0,4.0,494.0,,0.00019273372195361313
28175,28175.0,1.0,991.0,992.0,4.0,495.0,,0.00011784939110594571
28176,28176.0,1.0,993.0,994.0,4.0,496.0,,0.005896164393431307
28177,28177.0,1.0,995.0,996.0,4.0,497.0,,0.00022287601132108304
28178,28178.0,1.0,997.0,998.0,4.0,498.0,,0.005066087213419517
28179,28179.0,1.0,999.0,1000.0,4.0,499.0,,0.003508325615030811
28180,28180.0,1.0,1001.0,1002.0,4.0,500.0,,0.0020562323004780013
28181,28181.0,1.0,1003.0,1004.0,4.0,501.0,,7.235093419965062e-05
28182,28182.0,1.0,1005.0,1006.0,4.0,502.0,,0.012630016233272992
28183,28183.0,1.0,1007.0,1008.0,4.0,503.0,,0.002657913522205641
28184,28184.0,1.0,1009.0,1010.0,4.0,504.0,,0.00010421353158852846
28185,28185.0,1.0,1011.0,1012.0,4.0,505.0,,0.00014873204873070117
28186,28186.0,1.0,1013.0,1014.0,4.0,506.0,,0.0020234579966663647
28187,28187.0,1.0,1015.0,1016.0,4.0,507.0,,0.0009927019911477597
28188,28188.0,1.0,1017.0,1018.0,4.0,508.0,,0.0001281362974322571
28189,28189.0,1.0,1019.0,1020.0,4.0,509.0,,0.006750534007436473
28190,28190.0,1.0,1021.0,1022.0,4.0,510.0,,0.00013788407878641642
28191,28191.0,1.0,1023.0,1024.0,4.0,511.0,,0.004451523050468994
28192,28192.0,1.0,1025.0,1026.0,4.0,512.0,,0.000776609483638173
28193,28193.0,1.0,1027.0,1028.0,4.0,513.0,,2.9246237171052977e-05
28194,28194.0,1.0,1029.0,1030.0,4.0,514.0,,0.0004558933595321565
28195,28195.0,1.0,1031.0,1032.0,4.0,515.0,,0.0007081131867210844
28196,28196.0,1.0,1033.0,1034.0,4.0,516.0,,0.0005739883671525227
28197,28197.0,1.0,1035.0,1036.0,4.0,517.0,,0.00935831167369899
28198,28198.0,1.0,1037.0,1038.0,4.0,518.0,,0.000973611392293926
28199,28199.0,1.0,1039.0,1040.0,4.0,519.0,,0.0006614511621934414
28200,28200.0,1.0,1041.0,1042.0,4.0,520.0,,0.003109476936945032
28201,28201.0,1.0,1043.0,1044.0,4.0,521.0,,0.0007392790433305784
28202,28202.0,1.0,1045.0,1046.0,4.0,522.0,,0.010474732922240581
28203,28203.0,1.0,1047.0,1048.0,4.0,523.0,,0.0001095334498200569
28204,28204.0,1.0,1049.0,1050.0,4.0,524.0,,0.0009155130914766315
28205,28205.0,1.0,1051.0,1052.0,4.0,525.0,,0.002268679103841174
28206,28206.0,1.0,1053.0,1054.0,4.0,526.0,,4.922775320724658e-05
28207,28207.0,1.0,1055.0,1056.0,4.0,527.0,,6.024375759382403e-05
28208,28208.0,1.0,1057.0,1058.0,4.0,528.0,,0.004613447088818926
28209,28209.0,1.0,1059.0,1060.0,4.0,529.0,,0.0006686831265683323
28210,28210.0,1.0,1061.0,1062.0,4.0,530.0,,0.010804997224751454
28211,28211.0,1.0,1063.0,1064.0,4.0,531.0,,0.0006958243664681024
28212,28212.0,1.0,1065.0,1066.0,4.0,532.0,,0.0007399833874154009
28213,28213.0,1.0,1067.0,1068.0,4.0,533.0,,0.0004871188707870262
28214,28214.0,1.0,1069.0,1070.0,4.0,534.0,,0.0006221487916175826
28215,28215.0,1.0,1071.0,1072.0,4.0,535.0,,0.0028769424935025005
28216,28216.0,1.0,1073.0,1074.0,4.0,536.0,,0.0017636651486748513
28217,28217.0,1.0,1075.0,1076.0,4.0,537.0,,0.00023982823387502214
28218,28218.0,1.0,1077.0,1078.0,4.0,538.0,,7.920263158551524e-05
28219,28219.0,1.0,1079.0,1080.0,4.0,539.0,,2.085996342778521e-05
28220,28220.0,1.0,1081.0,1082.0,4.0,540.0,,2.1496265695270553e-05
28221,28221.0,1.0,1083.0,1084.0,4.0,541.0,,0.0035167107535425323
28222,28222.0,1.0,1085.0,1086.0,4.0,542.0,,0.00020691116630426346
28223,28223.0,1.0,1087.0,1088.0,4.0,543.0,,0.004058511200958686
28224,28224.0,1.0,1089.0,1090.0,4.0,544.0,,0.0004580595296110843
28225,28225.0,1.0,1091.0,1092.0,4.0,545.0,,0.005758346676275309
28226,28226.0,1.0,1093.0,1094.0,4.0,546.0,,0.00024018209689257981
28227,28227.0,1.0,1095.0,1096.0,4.0,547.0,,0.011226851031028913
28228,28228.0,1.0,1097.0,1098.0,4.0,548.0,,0.00020510373236846935
28229,28229.0,1.0,1099.0,1100.0,4.0,549.0,,0.00048020789199932143
28230,28230.0,1.0,1101.0,1102.0,4.0,550.0,,0.0001246012714876819
28231,28231.0,1.0,1103.0,1104.0,4.0,551.0,,9.517465925551205e-05
28232,28232.0,1.0,1105.0,1106.0,4.0,552.0,,0.0023452562510107087
28233,28233.0,1.0,1107.0,1108.0,4.0,553.0,,0.002660428504286241
28234,28234.0,1.0,1109.0,1110.0,4.0,554.0,,0.018839680749323913
28235,28235.0,1.0,1111.0,1112.0,4.0,555.0,,0.0015817984701335557
28236,28236.0,1.0,1113.0,1114.0,4.0,556.0,,0.0004951550800508329
28237,28237.0,1.0,1115.0,1116.0,4.0,557.0,,0.005177930614166721
28238,28238.0,1.0,1117.0,1118.0,4.0,558.0,,7.066952999008994e-05
28239,28239.0,1.0,1119.0,1120.0,4.0,559.0,,0.0038877692372466014
28240,28240.0,1.0,1121.0,1122.0,4.0,560.0,,0.004885342284208164
28241,28241.0,1.0,1123.0,1124.0,4.0,561.0,,0.0006954656162745993
28242,28242.0,1.0,1125.0,1126.0,4.0,562.0,,0.0014752931671187799
28243,28243.0,1.0,1127.0,1128.0,4.0,563.0,,0.0032489415779614166
28244,28244.0,1.0,1129.0,1130.0,4.0,564.0,,0.00021877064609493373
28245,28245.0,1.0,1131.0,1132.0,4.0,565.0,,9.713788103511687e-05
28246,28246.0,1.0,1133.0,1134.0,4.0,566.0,,0.001497400674613058
28247,28247.0,1.0,1135.0,1136.0,4.0,567.0,,0.0004779863415085568
28248,28248.0,1.0,1137.0,1138.0,4.0,568.0,,0.0001966998186709599
28249,28249.0,1.0,1139.0,1140.0,4.0,569.0,,0.0007159808147509054
28250,28250.0,1.0,1141.0,1142.0,4.0,570.0,,2.7937952910747285e-05
28251,28251.0,1.0,1143.0,1144.0,4.0,571.0,,0.00011224826802177235
28252,28252.0,1.0,1145.0,1146.0,4.0,572.0,,0.0004378231970322978
28253,28253.0,1.0,1147.0,1148.0,4.0,573.0,,0.0006395887883819311
28254,28254.0,1.0,1149.0,1150.0,4.0,574.0,,0.005593303391174693
28255,28255.0,1.0,1151.0,1152.0,4.0,575.0,,0.00010336469154281498
28256,28256.0,1.0,1153.0,1154.0,4.0,576.0,,0.0002357870760390334
28257,28257.0,1.0,1155.0,1156.0,4.0,577.0,,0.0003769431050480131
28258,28258.0,1.0,1157.0,1158.0,4.0,578.0,,0.00012888435363096634
28259,28259.0,1.0,1159.0,1160.0,4.0,579.0,,0.010056583222962767
28260,28260.0,1.0,1161.0,1162.0,4.0,580.0,,0.0001349246599911394
28261,28261.0,1.0,1163.0,1164.0,4.0,581.0,,0.00030036772761116853
28262,28262.0,1.0,1165.0,1166.0,4.0,582.0,,0.0006429999989806741
28263,28263.0,1.0,1167.0,1168.0,4.0,583.0,,0.02198200694785999
28264,28264.0,1.0,1169.0,1170.0,4.0,584.0,,0.008188775986011183
28265,28265.0,1.0,1171.0,1172.0,4.0,585.0,,0.005231049065842329
28266,28266.0,1.0,1173.0,1174.0,4.0,586.0,,0.0013007238509103525
28267,28267.0,1.0,1175.0,1176.0,4.0,587.0,,0.0026722783242032425
28268,28268.0,1.0,1177.0,1178.0,4.0,588.0,,0.00015131985691262465
28269,28269.0,1.0,1179.0,1180.0,4.0,589.0,,0.012813069728928261
28270,28270.0,1.0,1181.0,1182.0,4.0,590.0,,0.009700672412006478
28271,28271.0,1.0,1183.0,1184.0,4.0,591.0,,0.0015318607974427116
28272,28272.0,1.0,1185.0,1186.0,4.0,592.0,,0.0002583287724648346
28273,28273.0,1.0,1187.0,1188.0,4.0,593.0,,0.010651444515383334
28274,28274.0,1.0,1189.0,1190.0,4.0,594.0,,4.81710827056647e-05
28275,28275.0,1.0,1191.0,1192.0,4.0,595.0,,0.00290521581847224
28276,28276.0,1.0,1193.0,1194.0,4.0,596.0,,0.00018892523519996543
28277,28277.0,1.0,1195.0,1196.0,4.0,597.0,,0.001259046255214933
28278,28278.0,1.0,1197.0,1198.0,4.0,598.0,,0.00019139518288435623
28279,28279.0,1.0,1199.0,1200.0,4.0,599.0,,0.004219748963630814
28280,28280.0,1.0,1201.0,1202.0,4.0,600.0,,2.8287132606965504e-05
28281,28281.0,1.0,1203.0,1204.0,4.0,601.0,,0.0006632498280324608
28282,28282.0,1.0,1205.0,1206.0,4.0,602.0,,0.0004576128629936871
28283,28283.0,1.0,1207.0,1208.0,4.0,603.0,,0.002393007041918522
28284,28284.0,1.0,1209.0,1210.0,4.0,604.0,,0.012284993237312905
28285,28285.0,1.0,1211.0,1212.0,4.0,605.0,,0.00014604065003402783
28286,28286.0,1.0,1213.0,1214.0,4.0,606.0,,0.00011286819569169499
28287,28287.0,1.0,1215.0,1216.0,4.0,607.0,,0.00033876305155119935
28288,28288.0,1.0,1217.0,1218.0,4.0,608.0,,0.0016402853368030661
28289,28289.0,1.0,1219.0,1220.0,4.0,609.0,,6.598917955075295e-05
28290,28290.0,1.0,1221.0,1222.0,4.0,610.0,,0.0007219528141531775
28291,28291.0,1.0,1223.0,1224.0,4.0,611.0,,0.0021560784505292156
28292,28292.0,1.0,1225.0,1226.0,4.0,612.0,,6.439425534048375e-05
28293,28293.0,1.0,1227.0,1228.0,4.0,613.0,,0.006893277345096246
28294,28294.0,1.0,1229.0,1230.0,4.0,614.0,,0.012001617537051203
28295,28295.0,1.0,1231.0,1232.0,4.0,615.0,,0.00033971536674280006
28296,28296.0,1.0,1233.0,1234.0,4.0,616.0,,9.161089718586506e-05
28297,28297.0,1.0,1235.0,1236.0,4.0,617.0,,0.00036509869400144074
28298,28298.0,1.0,1237.0,1238.0,4.0,618.0,,0.0001441689500871512
28299,28299.0,1.0,1239.0,1240.0,4.0,619.0,,0.008388257218297323
28300,28300.0,1.0,1241.0,1242.0,4.0,620.0,,0.008445861944338828
28301,28301.0,1.0,1243.0,1244.0,4.0,621.0,,0.0005803403891042548
28302,28302.0,1.0,1245.0,1246.0,4.0,622.0,,0.00016493949462909486
28303,28303.0,1.0,1247.0,1248.0,4.0,623.0,,0.00030714409208642857
28304,28304.0,1.0,1249.0,1250.0,4.0,624.0,,0.002849877843689651
28305,28305.0,1.0,1251.0,1252.0,4.0,625.0,,0.037497956104716186
28306,28306.0,1.0,1253.0,1254.0,4.0,626.0,,0.0001930371604342733
28307,28307.0,1.0,1255.0,1256.0,4.0,627.0,,0.010049403214269058
28308,28308.0,1.0,1257.0,1258.0,4.0,628.0,,0.0001256144069141651
28309,28309.0,1.0,1259.0,1260.0,4.0,629.0,,4.629745552290086e-05
28310,28310.0,1.0,1261.0,1262.0,4.0,630.0,,0.0005187498467867435
28311,28311.0,1.0,1263.0,1264.0,4.0,631.0,,0.00010932888329443104
28312,28312.0,1.0,1265.0,1266.0,4.0,632.0,,0.0019060308899642932
28313,28313.0,1.0,1267.0,1268.0,4.0,633.0,,5.00446633168632e-05
28314,28314.0,1.0,1269.0,1270.0,4.0,634.0,,0.00027083010956007966
28315,28315.0,1.0,1271.0,1272.0,4.0,635.0,,0.00010690555494688915
28316,28316.0,1.0,1273.0,1274.0,4.0,636.0,,0.0005781899994536457
28317,28317.0,1.0,1275.0,1276.0,4.0,637.0,,0.018074891812249527
28318,28318.0,1.0,1277.0,1278.0,4.0,638.0,,0.0005125856259611811
28319,28319.0,1.0,1279.0,1280.0,4.0,639.0,,0.0005565079893372811
28320,28320.0,1.0,1281.0,1282.0,4.0,640.0,,0.000922303513083383
28321,28321.0,1.0,1283.0,1284.0,4.0,641.0,,0.00037248167870120946
28322,28322.0,1.0,1285.0,1286.0,4.0,642.0,,0.0037675318129105836
28323,28323.0,1.0,1287.0,1288.0,4.0,643.0,,0.00022680481471425276
28324,28324.0,1.0,1289.0,1290.0,4.0,644.0,,0.000325594176076145
28325,28325.0,1.0,1291.0,1292.0,4.0,645.0,,8.111258070944786e-05
28326,28326.0,1.0,1293.0,1294.0,4.0,646.0,,0.00012835103942927426
28327,28327.0,1.0,1295.0,1296.0,4.0,647.0,,0.002496710021006734
28328,28328.0,1.0,1297.0,1298.0,4.0,648.0,,0.0002733230001467147
28329,28329.0,1.0,1299.0,1300.0,4.0,649.0,,0.0001716580257721651
28330,28330.0,1.0,1301.0,1302.0,4.0,650.0,,0.00013529774419322748
28331,28331.0,1.0,1303.0,1304.0,4.0,651.0,,8.897782486381961e-05
28332,28332.0,1.0,1305.0,1306.0,4.0,652.0,,0.0005672205789635307
28333,28333.0,1.0,1307.0,1308.0,4.0,653.0,,0.002267486530507567
28334,28334.0,1.0,1309.0,1310.0,4.0,654.0,,0.004049248136350613
28335,28335.0,1.0,1311.0,1312.0,4.0,655.0,,0.01381733338130901
28336,28336.0,1.0,1313.0,1314.0,4.0,656.0,,0.00026783617298808417
28337,28337.0,1.0,1315.0,1316.0,4.0,657.0,,0.000252658061504259
28338,28338.0,1.0,1317.0,1318.0,4.0,658.0,,0.0007103953585699664
28339,28339.0,1.0,1319.0,1320.0,4.0,659.0,,0.00023253405732955834
28340,28340.0,1.0,1321.0,1322.0,4.0,660.0,,4.0241429092615074e-05
28341,28341.0,1.0,1323.0,1324.0,4.0,661.0,,0.00026744333644811543
28342,28342.0,1.0,1325.0,1326.0,4.0,662.0,,0.023001600979590135
28343,28343.0,1.0,1327.0,1328.0,4.0,663.0,,0.0008441916006021784
28344,28344.0,1.0,1329.0,1330.0,4.0,664.0,,0.00011249660860712746
28345,28345.0,1.0,1331.0,1332.0,4.0,665.0,,0.00011315023701634469
28346,28346.0,1.0,1333.0,1334.0,4.0,666.0,,0.0013290594188874478
28347,28347.0,1.0,1335.0,1336.0,4.0,667.0,,0.00014404320307698687
28348,28348.0,1.0,1337.0,1338.0,4.0,668.0,,0.022306141218870326
28349,28349.0,1.0,1339.0,1340.0,4.0,669.0,,0.00013205040266274298
28350,28350.0,1.0,1341.0,1342.0,4.0,670.0,,4.61134665027173e-05
28351,28351.0,1.0,1343.0,1344.0,4.0,671.0,,2.9731476303800715e-05
28352,28352.0,1.0,1345.0,1346.0,4.0,672.0,,8.562354045207985e-05
28353,28353.0,1.0,1347.0,1348.0,4.0,673.0,,2.1328108118849712e-05
28354,28354.0,1.0,1349.0,1350.0,4.0,674.0,,0.00020752744288298595
28355,28355.0,1.0,1351.0,1352.0,4.0,675.0,,0.004641838983253992
28356,28356.0,1.0,1353.0,1354.0,4.0,676.0,,0.0003395295962674743
28357,28357.0,1.0,1355.0,1356.0,4.0,677.0,,0.0008759350175267753
28358,28358.0,1.0,1357.0,1358.0,4.0,678.0,,0.00025172882314940714
28359,28359.0,1.0,1359.0,1360.0,4.0,679.0,,0.001265207695767863
28360,28360.0,1.0,1361.0,1362.0,4.0,680.0,,5.304937994359307e-05
28361,28361.0,1.0,1363.0,1364.0,4.0,681.0,,0.0014024540579140293
28362,28362.0,1.0,1365.0,1366.0,4.0,682.0,,0.00020486571605850298
28363,28363.0,1.0,1367.0,1368.0,4.0,683.0,,4.163783594320994e-05
28364,28364.0,1.0,1369.0,1370.0,4.0,684.0,,0.0010862052534550875
28365,28365.0,1.0,1371.0,1372.0,4.0,685.0,,0.0002504794279222511
28366,28366.0,1.0,1373.0,1374.0,4.0,686.0,,5.85345934925743e-05
28367,28367.0,1.0,1375.0,1376.0,4.0,687.0,,0.0003465090886661167
28368,28368.0,1.0,1377.0,1378.0,4.0,688.0,,0.0017916052680784363
28369,28369.0,1.0,1379.0,1380.0,4.0,689.0,,0.024766169911614407
28371,28371.0,1.0,1381.0,1382.0,4.0,690.0,,0.000627309120165367
28372,28372.0,1.0,1383.0,1384.0,4.0,691.0,,0.020844635558777896
28373,28373.0,1.0,1385.0,1386.0,4.0,692.0,,0.0006666906017114727
28374,28374.0,1.0,1387.0,1388.0,4.0,693.0,,0.0004886408964884901
28375,28375.0,1.0,1389.0,1390.0,4.0,694.0,,0.0020094936844229495
28376,28376.0,1.0,1391.0,1392.0,4.0,695.0,,9.58512966768424e-05
28377,28377.0,1.0,1393.0,1394.0,4.0,696.0,,0.00013254264702048437
28378,28378.0,1.0,1395.0,1396.0,4.0,697.0,,0.0004461822050413866
28379,28379.0,1.0,1397.0,1398.0,4.0,698.0,,0.00013755756150812752
28380,28380.0,1.0,1399.0,1400.0,4.0,699.0,,0.0003224660332651761
28381,28381.0,1.0,1401.0,1402.0,4.0,700.0,,0.0009135008899463589
28382,28382.0,1.0,1403.0,1404.0,4.0,701.0,,0.0004729990918486127
28383,28383.0,1.0,1405.0,1406.0,4.0,702.0,,4.27862642669082e-05
28384,28384.0,1.0,1407.0,1408.0,4.0,703.0,,0.0012448099092637775
28385,28385.0,1.0,1409.0,1410.0,4.0,704.0,,0.001534870797144825
28386,28386.0,1.0,1411.0,1412.0,4.0,705.0,,0.0001723060868837019
28387,28387.0,1.0,1413.0,1414.0,4.0,706.0,,0.0002927430433440149
28388,28388.0,1.0,1415.0,1416.0,4.0,707.0,,0.0009478142009349469
28389,28389.0,1.0,1417.0,1418.0,4.0,708.0,,0.0012452972809218314
28390,28390.0,1.0,1419.0,1420.0,4.0,709.0,,5.0939297534623886e-05
28391,28391.0,1.0,1421.0,1422.0,4.0,710.0,,0.0006409053422425362
28392,28392.0,1.0,1423.0,1424.0,4.0,711.0,,0.0036534441757471335
28393,28393.0,1.0,1425.0,1426.0,4.0,712.0,,0.0014153832701818895
28394,28394.0,1.0,1427.0,1428.0,4.0,713.0,,0.000591340202348907
28395,28395.0,1.0,1429.0,1430.0,4.0,714.0,,0.0024219136273869925
28396,28396.0,1.0,1431.0,1432.0,4.0,715.0,,0.0004780232613861132
28397,28397.0,1.0,1433.0,1434.0,4.0,716.0,,0.0006659067734266554
28398,28398.0,1.0,1435.0,1436.0,4.0,717.0,,0.00033941699062968185
28399,28399.0,1.0,1437.0,1438.0,4.0,718.0,,0.00014599634788173434
28400,28400.0,1.0,1439.0,1440.0,4.0,719.0,,0.0015179909791142273
28401,28401.0,1.0,1441.0,1442.0,4.0,720.0,,0.0019157327968196969
28402,28402.0,1.0,1443.0,1444.0,4.0,721.0,,0.0010342634450240808
28403,28403.0,1.0,1445.0,1446.0,4.0,722.0,,7.677439174009595e-05
28404,28404.0,1.0,1447.0,1448.0,4.0,723.0,,0.002137433420698056
28405,28405.0,1.0,1449.0,1450.0,4.0,724.0,,0.00026000435348647077
28406,28406.0,1.0,1451.0,1452.0,4.0,725.0,,0.002868932039733951
28407,28407.0,1.0,1453.0,1454.0,4.0,726.0,,0.0007725322187513142
28408,28408.0,1.0,1455.0,1456.0,4.0,727.0,,0.0013041255723998642
28409,28409.0,1.0,1457.0,1458.0,4.0,728.0,,0.0006965707424611856
28433,28433.0,1.0,1459.0,1460.0,4.0,729.0,,0.0009522514568862868
28410,28410.0,1.0,1461.0,1462.0,4.0,730.0,,0.019946511650781155
28411,28411.0,1.0,1463.0,1464.0,4.0,731.0,,9.54007165773037e-05
28412,28412.0,1.0,1465.0,1466.0,4.0,732.0,,0.004386080969122285
28413,28413.0,1.0,1467.0,1468.0,4.0,733.0,,6.40581987125367e-05
28414,28414.0,1.0,1469.0,1470.0,4.0,734.0,,0.000625170935526358
28415,28415.0,1.0,1471.0,1472.0,4.0,735.0,,0.00684989169020151
28416,28416.0,1.0,1473.0,1474.0,4.0,736.0,,0.001208219404422152
28417,28417.0,1.0,1475.0,1476.0,4.0,737.0,,0.005769348677062777
28418,28418.0,1.0,1477.0,1478.0,4.0,738.0,,0.009268402893024583
28419,28419.0,1.0,1479.0,1480.0,4.0,739.0,,0.018364205796872472
28420,28420.0,1.0,1481.0,1482.0,4.0,740.0,,0.000213340426236327
28421,28421.0,1.0,1483.0,1484.0,4.0,741.0,,0.00010342145740976048
28422,28422.0,1.0,1485.0,1486.0,4.0,742.0,,0.00040666157330590926
28423,28423.0,1.0,1487.0,1488.0,4.0,743.0,,0.0003617259394008536
28424,28424.0,1.0,1489.0,1490.0,4.0,744.0,,0.00015969598541516102
28425,28425.0,1.0,1491.0,1492.0,4.0,745.0,,0.0040017378233608075
28426,28426.0,1.0,1493.0,1494.0,4.0,746.0,,0.0001384956951156696
28427,28427.0,1.0,1495.0,1496.0,4.0,747.0,,0.013653907930152667
28428,28428.0,1.0,1497.0,1498.0,4.0,748.0,,0.001080558960455261
28429,28429.0,1.0,1499.0,1500.0,4.0,749.0,,8.066417430806298e-05
28430,28430.0,1.0,1501.0,1502.0,4.0,750.0,,0.04843449980210333
28431,28431.0,1.0,1503.0,1504.0,4.0,751.0,,0.0005683147436590037
28432,28432.0,1.0,1505.0,1506.0,4.0,752.0,,0.00043934615405715735
28434,28434.0,1.0,1507.0,1508.0,4.0,753.0,,0.000595148603704495
28435,28435.0,1.0,1509.0,1510.0,4.0,754.0,,0.0034589837995398914
28436,28436.0,1.0,1511.0,1512.0,4.0,755.0,,9.599582740616851e-05
28437,28437.0,1.0,1513.0,1514.0,4.0,756.0,,0.00592277839595391
28438,28438.0,1.0,1515.0,1516.0,4.0,757.0,,0.0013744201584459529
28439,28439.0,1.0,1517.0,1518.0,4.0,758.0,,0.0008104401002816708
28440,28440.0,1.0,1519.0,1520.0,4.0,759.0,,0.0013009358295513736
28478,28478.0,1.0,1521.0,1522.0,4.0,760.0,,0.001127921176186096
28441,28441.0,1.0,1523.0,1524.0,4.0,761.0,,0.006273719001634155
28442,28442.0,1.0,1525.0,1526.0,4.0,762.0,,0.0006651762798716171
28443,28443.0,1.0,1527.0,1528.0,4.0,763.0,,0.00024225663074852453
28444,28444.0,1.0,1529.0,1530.0,4.0,764.0,,0.004346205050777285
28445,28445.0,1.0,1531.0,1532.0,4.0,765.0,,0.0010066743243715987
28446,28446.0,1.0,1533.0,1534.0,4.0,766.0,,0.002410218590160449
28447,28447.0,1.0,1535.0,1536.0,4.0,767.0,,0.0003345769153896508
28448,28448.0,1.0,1537.0,1538.0,4.0,768.0,,0.027625808483474554
28449,28449.0,1.0,1539.0,1540.0,4.0,769.0,,0.020977434046337708
28450,28450.0,1.0,1541.0,1542.0,4.0,770.0,,0.00014042820651508528
28451,28451.0,1.0,1543.0,1544.0,4.0,771.0,,0.008376286493408184
28452,28452.0,1.0,1545.0,1546.0,4.0,772.0,,7.328935477454771e-05
28453,28453.0,1.0,1547.0,1548.0,4.0,773.0,,0.005343127574392309
28454,28454.0,1.0,1549.0,1550.0,4.0,774.0,,0.005171897309267973
28455,28455.0,1.0,1551.0,1552.0,4.0,775.0,,0.0002851245924902308
28456,28456.0,1.0,1553.0,1554.0,4.0,776.0,,0.000490982300737631
28457,28457.0,1.0,1555.0,1556.0,4.0,777.0,,0.0017972766212375685
28458,28458.0,1.0,1557.0,1558.0,4.0,778.0,,0.00018981490540006046
28459,28459.0,1.0,1559.0,1560.0,4.0,779.0,,0.00018385744005797828
28460,28460.0,1.0,1561.0,1562.0,4.0,780.0,,6.964260137856647e-05
28461,28461.0,1.0,1563.0,1564.0,4.0,781.0,,0.0005039183247013683
28462,28462.0,1.0,1565.0,1566.0,4.0,782.0,,0.004859084462240317
28463,28463.0,1.0,1567.0,1568.0,4.0,783.0,,0.0004709637332305079
28464,28464.0,1.0,1569.0,1570.0,4.0,784.0,,0.0005234949361959835
28465,28465.0,1.0,1571.0,1572.0,4.0,785.0,,0.005198108408191323
28466,28466.0,1.0,1573.0,1574.0,4.0,786.0,,0.0008611246486579634
28467,28467.0,1.0,1575.0,1576.0,4.0,787.0,,0.0001380375560385791
28468,28468.0,1.0,1577.0,1578.0,4.0,788.0,,0.000395616122758987
28469,28469.0,1.0,1579.0,1580.0,4.0,789.0,,0.00037091739074878593
28470,28470.0,1.0,1581.0,1582.0,4.0,790.0,,0.0019062838056678583
28471,28471.0,1.0,1583.0,1584.0,4.0,791.0,,0.0203088514907454
28472,28472.0,1.0,1585.0,1586.0,4.0,792.0,,0.0001092305576443522
28473,28473.0,1.0,1587.0,1588.0,4.0,793.0,,5.8876667145068387e-05
28474,28474.0,1.0,1589.0,1590.0,4.0,794.0,,0.0033899049849521728
28475,28475.0,1.0,1591.0,1592.0,4.0,795.0,,0.0005545532311584003
28476,28476.0,1.0,1593.0,1594.0,4.0,796.0,,0.020715211971549664
28477,28477.0,1.0,1595.0,1596.0,4.0,797.0,,0.008408771989043887
28479,28479.0,1.0,1597.0,1598.0,4.0,798.0,,0.0037584740933936313
28480,28480.0,1.0,1599.0,1600.0,4.0,799.0,,0.0032183650670983763
28481,28481.0,1.0,1601.0,1602.0,4.0,800.0,,0.00019911309519564567
28482,28482.0,1.0,1603.0,1604.0,4.0,801.0,,0.00017616449961216973
28483,28483.0,1.0,1605.0,1606.0,4.0,802.0,,0.0010440876325143273
28484,28484.0,1.0,1607.0,1608.0,4.0,803.0,,0.0013024473124730934
28485,28485.0,1.0,1609.0,1610.0,4.0,804.0,,5.652235940175541e-05
28486,28486.0,1.0,1611.0,1612.0,4.0,805.0,,0.0014689961765417183
28487,28487.0,1.0,1613.0,1614.0,4.0,806.0,,0.0018358461081689086
28488,28488.0,1.0,1615.0,1616.0,4.0,807.0,,9.509567573303574e-05
28497,28497.0,1.0,1617.0,1618.0,4.0,808.0,,0.0010223272230440276
28489,28489.0,1.0,1619.0,1620.0,4.0,809.0,,0.015560064369150072
28490,28490.0,1.0,1621.0,1622.0,4.0,810.0,,7.97374130892043e-05
28491,28491.0,1.0,1623.0,1624.0,4.0,811.0,,0.0005501937844011017
28492,28492.0,1.0,1625.0,1626.0,4.0,812.0,,0.003582439731594053
28493,28493.0,1.0,1627.0,1628.0,4.0,813.0,,0.0015325279260386705
28494,28494.0,1.0,1629.0,1630.0,4.0,814.0,,0.0006444107833813783
28495,28495.0,1.0,1631.0,1632.0,4.0,815.0,,0.021641956963901005
28496,28496.0,1.0,1633.0,1634.0,4.0,816.0,,8.088364505082665e-05
28498,28498.0,1.0,1635.0,1636.0,4.0,817.0,,0.00017074941836595553
28499,28499.0,1.0,1637.0,1638.0,4.0,818.0,,0.00013545722173124064
28500,28500.0,1.0,1639.0,1640.0,4.0,819.0,,0.0002629122857320714
28501,28501.0,1.0,1641.0,1642.0,4.0,820.0,,0.000412062306201131
28502,28502.0,1.0,1643.0,1644.0,4.0,821.0,,0.0022407378416112755
28503,28503.0,1.0,1645.0,1646.0,4.0,822.0,,0.007234574512671253
28504,28504.0,1.0,1647.0,1648.0,4.0,823.0,,0.0041781419497613085
28505,28505.0,1.0,1649.0,1650.0,4.0,824.0,,0.0002913355300186419
28512,28512.0,1.0,1651.0,1652.0,4.0,825.0,,0.0020639944179089657
28506,28506.0,1.0,1653.0,1654.0,4.0,826.0,,0.004674059785561147
28507,28507.0,1.0,1655.0,1656.0,4.0,827.0,,0.006175486597494598
28508,28508.0,1.0,1657.0,1658.0,4.0,828.0,,0.00045001679800877453
28509,28509.0,1.0,1659.0,1660.0,4.0,829.0,,0.007905517061280046
28510,28510.0,1.0,1661.0,1662.0,4.0,830.0,,7.333557765866811e-05
28511,28511.0,1.0,1663.0,1664.0,4.0,831.0,,0.0007883727920262389
28516,28516.0,1.0,1665.0,1666.0,4.0,832.0,,0.00038851820281393765
28517,28517.0,1.0,1667.0,1668.0,4.0,833.0,,0.00042195770831097675
28518,28518.0,1.0,1669.0,1670.0,4.0,834.0,,0.003522779897292602
28519,28519.0,1.0,1671.0,1672.0,4.0,835.0,,0.002133703222927312
28520,28520.0,1.0,1673.0,1674.0,4.0,836.0,,0.0007370618679626572
28521,28521.0,1.0,1675.0,1676.0,4.0,837.0,,2.691948468308724e-05
28522,28522.0,1.0,1677.0,1678.0,4.0,838.0,,0.0006853783251461824
28523,28523.0,1.0,1679.0,1680.0,4.0,839.0,,0.0006133256799005427
28524,28524.0,1.0,1681.0,1682.0,4.0,840.0,,0.00011398846738954165
28534,28534.0,1.0,1683.0,1684.0,4.0,841.0,,0.004355011575356025
28525,28525.0,1.0,1685.0,1686.0,4.0,842.0,,0.008904439118727849
28526,28526.0,1.0,1687.0,1688.0,4.0,843.0,,0.0018599146177951042
28527,28527.0,1.0,1689.0,1690.0,4.0,844.0,,0.00010096303343260384
28528,28528.0,1.0,1691.0,1692.0,4.0,845.0,,0.001552992144237487
28529,28529.0,1.0,1693.0,1694.0,4.0,846.0,,8.756657439228059e-05
28530,28530.0,1.0,1695.0,1696.0,4.0,847.0,,0.002427714060895451
28531,28531.0,1.0,1697.0,1698.0,4.0,848.0,,0.00016622149258912856
28532,28532.0,1.0,1699.0,1700.0,4.0,849.0,,0.00031727600415518023
28533,28533.0,1.0,1701.0,1702.0,4.0,850.0,,0.0005205352195060701
28535,28535.0,1.0,1703.0,1704.0,4.0,851.0,,0.0048989806312512854
28536,28536.0,1.0,1705.0,1706.0,4.0,852.0,,0.0005421421954209658
28537,28537.0,1.0,1707.0,1708.0,4.0,853.0,,0.0011218620635780605
28538,28538.0,1.0,1709.0,1710.0,4.0,854.0,,0.00011184287639707482
28539,28539.0,1.0,1711.0,1712.0,4.0,855.0,,0.000290172096822369
28540,28540.0,1.0,1713.0,1714.0,4.0,856.0,,0.0003416096980604892
28541,28541.0,1.0,1715.0,1716.0,4.0,857.0,,0.0005712772033186179
28542,28542.0,1.0,1717.0,1718.0,4.0,858.0,,0.00035496756037944215
28543,28543.0,1.0,1719.0,1720.0,4.0,859.0,,0.00035254061701442993
28556,28556.0,1.0,1721.0,1722.0,4.0,860.0,,0.005506339090671757
28544,28544.0,1.0,1723.0,1724.0,4.0,861.0,,0.014872386092283117
28545,28545.0,1.0,1725.0,1726.0,4.0,862.0,,0.0009752907197374108
28546,28546.0,1.0,1727.0,1728.0,4.0,863.0,,0.006815579222293254
28547,28547.0,1.0,1729.0,1730.0,4.0,864.0,,0.018754109770182707
28548,28548.0,1.0,1731.0,1732.0,4.0,865.0,,0.00032688903496101446
28549,28549.0,1.0,1733.0,1734.0,4.0,866.0,,0.001301121799937512
28550,28550.0,1.0,1735.0,1736.0,4.0,867.0,,0.00028903860679074794
28551,28551.0,1.0,1737.0,1738.0,4.0,868.0,,0.0018257137166371282
28552,28552.0,1.0,1739.0,1740.0,4.0,869.0,,0.00020327521396067152
28553,28553.0,1.0,1741.0,1742.0,4.0,870.0,,0.00020102835937025655
28554,28554.0,1.0,1743.0,1744.0,4.0,871.0,,0.013219879634354796
28555,28555.0,1.0,1745.0,1746.0,4.0,872.0,,0.020697347400787686
28557,28557.0,1.0,1747.0,1748.0,4.0,873.0,,0.0017476890426607907
28558,28558.0,1.0,1749.0,1750.0,4.0,874.0,,0.00024359082622333992
28559,28559.0,1.0,1751.0,1752.0,4.0,875.0,,0.0002505637941114074
28560,28560.0,1.0,1753.0,1754.0,4.0,876.0,,0.0015004852115679415
28561,28561.0,1.0,1755.0,1756.0,4.0,877.0,,0.0006082290098959005
28562,28562.0,1.0,1757.0,1758.0,4.0,878.0,,0.0045692064463406625
28563,28563.0,1.0,1759.0,1760.0,4.0,879.0,,0.0005886261829255051
28564,28564.0,1.0,1761.0,1762.0,4.0,880.0,,0.0015709540206356226
28565,28565.0,1.0,1763.0,1764.0,4.0,881.0,,0.0005917670241628409
28573,28573.0,1.0,1765.0,1766.0,4.0,882.0,,0.0010962458605374707
28566,28566.0,1.0,1767.0,1768.0,4.0,883.0,,0.009254222029788248
28567,28567.0,1.0,1769.0,1770.0,4.0,884.0,,0.0010279184028958144
28568,28568.0,1.0,1771.0,1772.0,4.0,885.0,,0.0035838726472317076
28569,28569.0,1.0,1773.0,1774.0,4.0,886.0,,0.0013792327195820638
28570,28570.0,1.0,1775.0,1776.0,4.0,887.0,,8.186421350382302e-05
28571,28571.0,1.0,1777.0,1778.0,4.0,888.0,,0.0016328784037961826
28572,28572.0,1.0,1779.0,1780.0,4.0,889.0,,0.0013979715258706175
28574,28574.0,1.0,1781.0,1782.0,4.0,890.0,,0.005738183216398239
28575,28575.0,1.0,1783.0,1784.0,4.0,891.0,,0.0004926617238207399
28576,28576.0,1.0,1785.0,1786.0,4.0,892.0,,0.0018797678201930847
28577,28577.0,1.0,1787.0,1788.0,4.0,893.0,,3.895136240761587e-05
28578,28578.0,1.0,1789.0,1790.0,4.0,894.0,,0.011124469965154683
28579,28579.0,1.0,1791.0,1792.0,4.0,895.0,,0.0006393798231105495
28610,28610.0,1.0,1793.0,1794.0,4.0,896.0,,0.0011674710369935384
28580,28580.0,1.0,1795.0,1796.0,4.0,897.0,,0.012958876319351605
28581,28581.0,1.0,1797.0,1798.0,4.0,898.0,,0.0012818462084976101
28582,28582.0,1.0,1799.0,1800.0,4.0,899.0,,2.4710257097141227e-05
28583,28583.0,1.0,1801.0,1802.0,4.0,900.0,,5.8197276816515286e-05
28584,28584.0,1.0,1803.0,1804.0,4.0,901.0,,7.338105730907011e-05
28585,28585.0,1.0,1805.0,1806.0,4.0,902.0,,0.004687725953336754
28586,28586.0,1.0,1807.0,1808.0,4.0,903.0,,0.00027059834008875695
28587,28587.0,1.0,1809.0,1810.0,4.0,904.0,,0.009098312323690584
28588,28588.0,1.0,1811.0,1812.0,4.0,905.0,,0.0019118223772335709
28589,28589.0,1.0,1813.0,1814.0,4.0,906.0,,0.005375399152553987
28590,28590.0,1.0,1815.0,1816.0,4.0,907.0,,0.014200859027958842
28591,28591.0,1.0,1817.0,1818.0,4.0,908.0,,0.006287705731109458
28592,28592.0,1.0,1819.0,1820.0,4.0,909.0,,0.0019367514626605058
28593,28593.0,1.0,1821.0,1822.0,4.0,910.0,,0.0015074730834009704
28594,28594.0,1.0,1823.0,1824.0,4.0,911.0,,0.010773929642274678
28595,28595.0,1.0,1825.0,1826.0,4.0,912.0,,0.002166014925337007
28596,28596.0,1.0,1827.0,1828.0,4.0,913.0,,0.0003437401943705251
28597,28597.0,1.0,1829.0,1830.0,4.0,914.0,,0.00010368030588043364
28598,28598.0,1.0,1831.0,1832.0,4.0,915.0,,0.003765777817500716
28599,28599.0,1.0,1833.0,1834.0,4.0,916.0,,0.001233841145651855
28600,28600.0,1.0,1835.0,1836.0,4.0,917.0,,0.0025305083009830496
28601,28601.0,1.0,1837.0,1838.0,4.0,918.0,,0.01391176113182016
28602,28602.0,1.0,1839.0,1840.0,4.0,919.0,,0.00028112088680388796
28603,28603.0,1.0,1841.0,1842.0,4.0,920.0,,0.0003428237005350919
28604,28604.0,1.0,1843.0,1844.0,4.0,921.0,,0.0012048219373920884
28605,28605.0,1.0,1845.0,1846.0,4.0,922.0,,0.0002834692820963639
28606,28606.0,1.0,1847.0,1848.0,4.0,923.0,,0.00037485148148106416
28607,28607.0,1.0,1849.0,1850.0,4.0,924.0,,0.00011173040366585212
28608,28608.0,1.0,1851.0,1852.0,4.0,925.0,,0.00026816499534354293
28609,28609.0,1.0,1853.0,1854.0,4.0,926.0,,0.0013166796743982576
28611,28611.0,1.0,1855.0,1856.0,4.0,927.0,,0.0010215149418314005
28612,28612.0,1.0,1857.0,1858.0,4.0,928.0,,0.014157214118726783
28613,28613.0,1.0,1859.0,1860.0,4.0,929.0,,0.0014091286220650372
28614,28614.0,1.0,1861.0,1862.0,4.0,930.0,,0.0022652027809552514
28765,28765.0,1.0,1863.0,1864.0,4.0,931.0,,0.0030893887216599824
28615,28615.0,1.0,1865.0,1866.0,4.0,932.0,,0.014053536299785391
28616,28616.0,1.0,1867.0,1868.0,4.0,933.0,,0.00020578054914720647
28617,28617.0,1.0,1869.0,1870.0,4.0,934.0,,0.0007757592388651805
28618,28618.0,1.0,1871.0,1872.0,4.0,935.0,,0.034492906428062485
28619,28619.0,1.0,1873.0,1874.0,4.0,936.0,,0.0025907753720128134
28620,28620.0,1.0,1875.0,1876.0,4.0,937.0,,5.4135977668528873e-05
28621,28621.0,1.0,1877.0,1878.0,4.0,938.0,,0.0015420096461818322
28622,28622.0,1.0,1879.0,1880.0,4.0,939.0,,0.016272430033809737
28623,28623.0,1.0,1881.0,1882.0,4.0,940.0,,0.00252538546796869
28624,28624.0,1.0,1883.0,1884.0,4.0,941.0,,0.00011863317150490392
28625,28625.0,1.0,1885.0,1886.0,4.0,942.0,,0.00046577372144663843
28626,28626.0,1.0,1887.0,1888.0,4.0,943.0,,0.00043010597555718437
28627,28627.0,1.0,1889.0,1890.0,4.0,944.0,,0.0005074565522206267
28628,28628.0,1.0,1891.0,1892.0,4.0,945.0,,0.02075770594843056
28629,28629.0,1.0,1893.0,1894.0,4.0,946.0,,1.2837046783929992e-05
28630,28630.0,1.0,1895.0,1896.0,4.0,947.0,,1.4797697659495097e-05
28631,28631.0,1.0,1897.0,1898.0,4.0,948.0,,0.00030314290796133
28632,28632.0,1.0,1899.0,1900.0,4.0,949.0,,0.0006994695140567593
28633,28633.0,1.0,1901.0,1902.0,4.0,950.0,,0.0007391250362448169
28634,28634.0,1.0,1903.0,1904.0,4.0,951.0,,0.005669569551165241
28635,28635.0,1.0,1905.0,1906.0,4.0,952.0,,0.004423821507072722
28636,28636.0,1.0,1907.0,1908.0,4.0,953.0,,0.00045032191857008875
28637,28637.0,1.0,1909.0,1910.0,4.0,954.0,,0.00739982489926763
28638,28638.0,1.0,1911.0,1912.0,4.0,955.0,,6.869687537576576e-05
28639,28639.0,1.0,1913.0,1914.0,4.0,956.0,,0.0063808883514054745
28640,28640.0,1.0,1915.0,1916.0,4.0,957.0,,0.0006366141314170721
28641,28641.0,1.0,1917.0,1918.0,4.0,958.0,,0.0002898408020913651
28642,28642.0,1.0,1919.0,1920.0,4.0,959.0,,0.00026576107111556205
28643,28643.0,1.0,1921.0,1922.0,4.0,960.0,,0.00021670200120448954
28644,28644.0,1.0,1923.0,1924.0,4.0,961.0,,0.0016961122907076418
28645,28645.0,1.0,1925.0,1926.0,4.0,962.0,,0.0006502552435989567
28646,28646.0,1.0,1927.0,1928.0,4.0,963.0,,0.0009509277875989085
28647,28647.0,1.0,1929.0,1930.0,4.0,964.0,,0.0018763613914755755
28648,28648.0,1.0,1931.0,1932.0,4.0,965.0,,0.0008684457990250762
28649,28649.0,1.0,1933.0,1934.0,4.0,966.0,,0.008415639670697323
28650,28650.0,1.0,1935.0,1936.0,4.0,967.0,,0.00019219815620043825
28651,28651.0,1.0,1937.0,1938.0,4.0,968.0,,0.006445463633099451
28652,28652.0,1.0,1939.0,1940.0,4.0,969.0,,0.0009677145753794858
28653,28653.0,1.0,1941.0,1942.0,4.0,970.0,,0.0003961666550338786
28654,28654.0,1.0,1943.0,1944.0,4.0,971.0,,0.00034733718252187963
28655,28655.0,1.0,1945.0,1946.0,4.0,972.0,,0.0001290869695577768
28656,28656.0,1.0,1947.0,1948.0,4.0,973.0,,0.014394712774464056
28657,28657.0,1.0,1949.0,1950.0,4.0,974.0,,0.002819967649841444
28658,28658.0,1.0,1951.0,1952.0,4.0,975.0,,0.00013069040230406908
28659,28659.0,1.0,1953.0,1954.0,4.0,976.0,,0.00022918715798155508
28660,28660.0,1.0,1955.0,1956.0,4.0,977.0,,0.0001077251825829998
28661,28661.0,1.0,1957.0,1958.0,4.0,978.0,,0.00012754822078405923
28662,28662.0,1.0,1959.0,1960.0,4.0,979.0,,4.287340515063012e-05
28663,28663.0,1.0,1961.0,1962.0,4.0,980.0,,0.0002524429950996987
28664,28664.0,1.0,1963.0,1964.0,4.0,981.0,,0.00035651017651615454
28665,28665.0,1.0,1965.0,1966.0,4.0,982.0,,0.01337115227557474
28666,28666.0,1.0,1967.0,1968.0,4.0,983.0,,0.0004469284459743298
28667,28667.0,1.0,1969.0,1970.0,4.0,984.0,,0.0026901783863670444
28668,28668.0,1.0,1971.0,1972.0,4.0,985.0,,0.00014745482461770633
28669,28669.0,1.0,1973.0,1974.0,4.0,986.0,,0.000827337356098987
28670,28670.0,1.0,1975.0,1976.0,4.0,987.0,,0.005702249731641472
28671,28671.0,1.0,1977.0,1978.0,4.0,988.0,,0.010014818818151205
28672,28672.0,1.0,1979.0,1980.0,4.0,989.0,,0.006466191913262531
28673,28673.0,1.0,1981.0,1982.0,4.0,990.0,,5.727679995839423e-05
28674,28674.0,1.0,1983.0,1984.0,4.0,991.0,,0.005879766937700332
28675,28675.0,1.0,1985.0,1986.0,4.0,992.0,,0.012078490277367444
28676,28676.0,1.0,1987.0,1988.0,4.0,993.0,,7.380312343022776e-05
28677,28677.0,1.0,1989.0,1990.0,4.0,994.0,,0.0052172516514194045
28678,28678.0,1.0,1991.0,1992.0,4.0,995.0,,0.0016800549273122782
28679,28679.0,1.0,1993.0,1994.0,4.0,996.0,,0.004406391741848859
28680,28680.0,1.0,1995.0,1996.0,4.0,997.0,,0.00018139123141979247
28681,28681.0,1.0,1997.0,1998.0,4.0,998.0,,7.201205179494553e-05
28682,28682.0,1.0,1999.0,2000.0,4.0,999.0,,0.0022190958906318737
28683,28683.0,1.0,2001.0,2002.0,4.0,1000.0,,0.0007448039887768022
28684,28684.0,1.0,2003.0,2004.0,4.0,1001.0,,0.0005729086445273228
28685,28685.0,1.0,2005.0,2006.0,4.0,1002.0,,0.00019093021196167663
28686,28686.0,1.0,2007.0,2008.0,4.0,1003.0,,0.0016770395100791091
28687,28687.0,1.0,2009.0,2010.0,4.0,1004.0,,0.00023816966845123148
28688,28688.0,1.0,2011.0,2012.0,4.0,1005.0,,0.0021800851915069644
28689,28689.0,1.0,2013.0,2014.0,4.0,1006.0,,0.00017923172592044292
28690,28690.0,1.0,2015.0,2016.0,4.0,1007.0,,0.0010391955282278967
28691,28691.0,1.0,2017.0,2018.0,4.0,1008.0,,0.016409730226580405
28692,28692.0,1.0,2019.0,2020.0,4.0,1009.0,,0.0007887253294514236
28693,28693.0,1.0,2021.0,2022.0,4.0,1010.0,,0.00017255447838050177
28694,28694.0,1.0,2023.0,2024.0,4.0,1011.0,,0.00039077519104094077
28695,28695.0,1.0,2025.0,2026.0,4.0,1012.0,,0.011378830214733836
28696,28696.0,1.0,2027.0,2028.0,4.0,1013.0,,0.0002103355210966691
28697,28697.0,1.0,2029.0,2030.0,4.0,1014.0,,5.3720359839832675e-05
28698,28698.0,1.0,2031.0,2032.0,4.0,1015.0,,0.0038961405288783163
28699,28699.0,1.0,2033.0,2034.0,4.0,1016.0,,0.0026618172905311824
28700,28700.0,1.0,2035.0,2036.0,4.0,1017.0,,0.02191598438741065
28701,28701.0,1.0,2037.0,2038.0,4.0,1018.0,,0.00305221023102955
28702,28702.0,1.0,2039.0,2040.0,4.0,1019.0,,0.0005978632563028352
28703,28703.0,1.0,2041.0,2042.0,4.0,1020.0,,0.005929450585906993
28704,28704.0,1.0,2043.0,2044.0,4.0,1021.0,,0.0011358764843709753
28705,28705.0,1.0,2045.0,2046.0,4.0,1022.0,,0.0024227977107471287
28706,28706.0,1.0,2047.0,2048.0,4.0,1023.0,,0.0007378150781718669
28707,28707.0,1.0,2049.0,2050.0,4.0,1024.0,,0.00044354440587643536
28708,28708.0,1.0,2051.0,2052.0,4.0,1025.0,,0.0006091222895739217
28709,28709.0,1.0,2053.0,2054.0,4.0,1026.0,,0.0006167635843300485
28710,28710.0,1.0,2055.0,2056.0,4.0,1027.0,,0.0026568726061274627
28711,28711.0,1.0,2057.0,2058.0,4.0,1028.0,,0.0004230399578101288
28712,28712.0,1.0,2059.0,2060.0,4.0,1029.0,,0.0056092903803259585
28713,28713.0,1.0,2061.0,2062.0,4.0,1030.0,,0.002044829840840019
28714,28714.0,1.0,2063.0,2064.0,4.0,1031.0,,0.0010113506402429908
28715,28715.0,1.0,2065.0,2066.0,4.0,1032.0,,0.0004235704821913126
28716,28716.0,1.0,2067.0,2068.0,4.0,1033.0,,0.004374712911539782
28717,28717.0,1.0,2069.0,2070.0,4.0,1034.0,,4.0293337893829834e-05
28718,28718.0,1.0,2071.0,2072.0,4.0,1035.0,,0.00014103512643679622
28719,28719.0,1.0,2073.0,2074.0,4.0,1036.0,,0.0012484620089864905
28720,28720.0,1.0,2075.0,2076.0,4.0,1037.0,,0.004643899661493133
28721,28721.0,1.0,2077.0,2078.0,4.0,1038.0,,9.484629847334498e-05
28722,28722.0,1.0,2079.0,2080.0,4.0,1039.0,,0.0004461221022512351
28723,28723.0,1.0,2081.0,2082.0,4.0,1040.0,,0.0006690516176335991
28724,28724.0,1.0,2083.0,2084.0,4.0,1041.0,,3.345553029620469e-05
28725,28725.0,1.0,2085.0,2086.0,4.0,1042.0,,0.0028190908674927445
28726,28726.0,1.0,2087.0,2088.0,4.0,1043.0,,0.0016549612417848451
28727,28727.0,1.0,2089.0,2090.0,4.0,1044.0,,0.0020061995544569822
28728,28728.0,1.0,2091.0,2092.0,4.0,1045.0,,0.002585031744435488
28729,28729.0,1.0,2093.0,2094.0,4.0,1046.0,,0.00036211091918240447
28730,28730.0,1.0,2095.0,2096.0,4.0,1047.0,,0.006487992965533163
28731,28731.0,1.0,2097.0,2098.0,4.0,1048.0,,0.000381128157771461
28732,28732.0,1.0,2099.0,2100.0,4.0,1049.0,,0.00037513406013058053
28733,28733.0,1.0,2101.0,2102.0,4.0,1050.0,,0.0019078400772337115
28734,28734.0,1.0,2103.0,2104.0,4.0,1051.0,,0.002312519340860463
28735,28735.0,1.0,2105.0,2106.0,4.0,1052.0,,0.00018813854630675766
28736,28736.0,1.0,2107.0,2108.0,4.0,1053.0,,6.0790695252215675e-05
28737,28737.0,1.0,2109.0,2110.0,4.0,1054.0,,0.00013385629585471642
28738,28738.0,1.0,2111.0,2112.0,4.0,1055.0,,0.0021126035021545287
28739,28739.0,1.0,2113.0,2114.0,4.0,1056.0,,0.0013765109945963051
28740,28740.0,1.0,2115.0,2116.0,4.0,1057.0,,0.011494358953005391
28741,28741.0,1.0,2117.0,2118.0,4.0,1058.0,,0.0021330558482908824
28742,28742.0,1.0,2119.0,2120.0,4.0,1059.0,,0.0011170308575284367
28743,28743.0,1.0,2121.0,2122.0,4.0,1060.0,,0.00013684774660544712
28744,28744.0,1.0,2123.0,2124.0,4.0,1061.0,,0.003183964419144153
28745,28745.0,1.0,2125.0,2126.0,4.0,1062.0,,0.0016244236840211703
28746,28746.0,1.0,2127.0,2128.0,4.0,1063.0,,0.0007306652813225643
28747,28747.0,1.0,2129.0,2130.0,4.0,1064.0,,0.0001909384603564438
28748,28748.0,1.0,2131.0,2132.0,4.0,1065.0,,0.0074044329495938305
28749,28749.0,1.0,2133.0,2134.0,4.0,1066.0,,0.0030613077333337376
28750,28750.0,1.0,2135.0,2136.0,4.0,1067.0,,0.004777798070703701
28751,28751.0,1.0,2137.0,2138.0,4.0,1068.0,,0.0047010036381475205
28752,28752.0,1.0,2139.0,2140.0,4.0,1069.0,,0.0002783994856091599
28753,28753.0,1.0,2141.0,2142.0,4.0,1070.0,,0.009038763719565022
28754,28754.0,1.0,2143.0,2144.0,4.0,1071.0,,0.0005033233450778021
28755,28755.0,1.0,2145.0,2146.0,4.0,1072.0,,0.002362778250899464
28756,28756.0,1.0,2147.0,2148.0,4.0,1073.0,,0.0003242022598683137
28757,28757.0,1.0,2149.0,2150.0,4.0,1074.0,,0.010824135914115138
28758,28758.0,1.0,2151.0,2152.0,4.0,1075.0,,0.0021852031475699672
28759,28759.0,1.0,2153.0,2154.0,4.0,1076.0,,0.01033921852260541
28760,28760.0,1.0,2155.0,2156.0,4.0,1077.0,,0.004442830294281215
28761,28761.0,1.0,2157.0,2158.0,4.0,1078.0,,0.0003560409222454668
28762,28762.0,1.0,2159.0,2160.0,4.0,1079.0,,0.00013176295595491945
28763,28763.0,1.0,2161.0,2162.0,4.0,1080.0,,8.113328646705125e-05
28764,28764.0,1.0,2163.0,2164.0,4.0,1081.0,,8.821642338692153e-05
28766,28766.0,1.0,2165.0,2166.0,4.0,1082.0,,0.02425900830618676
28767,28767.0,1.0,2167.0,2168.0,4.0,1083.0,,0.007180900004773869
28768,28768.0,1.0,2169.0,2170.0,4.0,1084.0,,0.0001632740663420546
28790,28790.0,1.0,2171.0,2172.0,4.0,1085.0,,0.0012176363133031627
28769,28769.0,1.0,2173.0,2174.0,4.0,1086.0,,0.003828448853538137
28770,28770.0,1.0,2175.0,2176.0,4.0,1087.0,,0.0089313707221095
28771,28771.0,1.0,2177.0,2178.0,4.0,1088.0,,0.0037647430451724258
28772,28772.0,1.0,2179.0,2180.0,4.0,1089.0,,0.002571188008173984
28773,28773.0,1.0,2181.0,2182.0,4.0,1090.0,,0.0003543674460636541
28774,28774.0,1.0,2183.0,2184.0,4.0,1091.0,,0.006749382856920513
28775,28775.0,1.0,2185.0,2186.0,4.0,1092.0,,0.0003794709448264358
28776,28776.0,1.0,2187.0,2188.0,4.0,1093.0,,0.008641495425366828
28777,28777.0,1.0,2189.0,2190.0,4.0,1094.0,,0.0005736617317404267
28778,28778.0,1.0,2191.0,2192.0,4.0,1095.0,,2.8120305385340248e-05
28779,28779.0,1.0,2193.0,2194.0,4.0,1096.0,,0.00014821516191859452
28780,28780.0,1.0,2195.0,2196.0,4.0,1097.0,,0.007059224529253222
28781,28781.0,1.0,2197.0,2198.0,4.0,1098.0,,0.0037285086736121606
28782,28782.0,1.0,2199.0,2200.0,4.0,1099.0,,0.0029531208023068
28783,28783.0,1.0,2201.0,2202.0,4.0,1100.0,,0.006954738866674508
28784,28784.0,1.0,2203.0,2204.0,4.0,1101.0,,0.005870672195904571
28785,28785.0,1.0,2205.0,2206.0,4.0,1102.0,,0.006434559187918124
28786,28786.0,1.0,2207.0,2208.0,4.0,1103.0,,0.0012819596428060268
28787,28787.0,1.0,2209.0,2210.0,4.0,1104.0,,5.248793199568816e-05
28788,28788.0,1.0,2211.0,2212.0,4.0,1105.0,,0.00017620005552301322
28789,28789.0,1.0,2213.0,2214.0,4.0,1106.0,,0.007341639116661282
28791,28791.0,1.0,2215.0,2216.0,4.0,1107.0,,0.016528804391269157
28792,28792.0,1.0,2217.0,2218.0,4.0,1108.0,,0.005726056690071182
28793,28793.0,1.0,2219.0,2220.0,4.0,1109.0,,0.0005449158155698826
28794,28794.0,1.0,2221.0,2222.0,4.0,1110.0,,0.00022515394930026827
28854,28854.0,1.0,2223.0,2224.0,4.0,1111.0,,0.0012243165084374428
28795,28795.0,1.0,2225.0,2226.0,4.0,1112.0,,0.00492916957888883
28796,28796.0,1.0,2227.0,2228.0,4.0,1113.0,,0.0231309368162567
28797,28797.0,1.0,2229.0,2230.0,4.0,1114.0,,2.686814402140512e-05
28798,28798.0,1.0,2231.0,2232.0,4.0,1115.0,,0.0005068987176811947
28799,28799.0,1.0,2233.0,2234.0,4.0,1116.0,,7.986740459199341e-05
28800,28800.0,1.0,2235.0,2236.0,4.0,1117.0,,0.005542048758078477
28801,28801.0,1.0,2237.0,2238.0,4.0,1118.0,,0.0029087942701217684
28802,28802.0,1.0,2239.0,2240.0,4.0,1119.0,,0.008462016872588678
28803,28803.0,1.0,2241.0,2242.0,4.0,1120.0,,0.00030313431603630757
28804,28804.0,1.0,2243.0,2244.0,4.0,1121.0,,0.0005865505697268306
28805,28805.0,1.0,2245.0,2246.0,4.0,1122.0,,0.015602519656882549
28806,28806.0,1.0,2247.0,2248.0,4.0,1123.0,,0.0004407880479025574
28807,28807.0,1.0,2249.0,2250.0,4.0,1124.0,,0.0002930807101030561
28808,28808.0,1.0,2251.0,2252.0,4.0,1125.0,,9.017368351351027e-05
28809,28809.0,1.0,2253.0,2254.0,4.0,1126.0,,7.617457790948544e-05
28810,28810.0,1.0,2255.0,2256.0,4.0,1127.0,,0.0010902862648132213
28855,28855.0,1.0,2257.0,2258.0,4.0,1128.0,,3.85524351398615e-05
28811,28811.0,1.0,2259.0,2260.0,4.0,1129.0,,0.019330637332840125
28812,28812.0,1.0,2261.0,2262.0,4.0,1130.0,,0.0005166077133794991
28813,28813.0,1.0,2263.0,2264.0,4.0,1131.0,,0.0030280108032668257
28814,28814.0,1.0,2265.0,2266.0,4.0,1132.0,,0.00020253061392962732
28815,28815.0,1.0,2267.0,2268.0,4.0,1133.0,,4.0691557233540066e-05
28816,28816.0,1.0,2269.0,2270.0,4.0,1134.0,,0.005934200521362416
28817,28817.0,1.0,2271.0,2272.0,4.0,1135.0,,0.00040940544254530493
28818,28818.0,1.0,2273.0,2274.0,4.0,1136.0,,0.000733651863483187
28819,28819.0,1.0,2275.0,2276.0,4.0,1137.0,,3.478233164386587e-05
28820,28820.0,1.0,2277.0,2278.0,4.0,1138.0,,4.729173759936578e-05
28821,28821.0,1.0,2279.0,2280.0,4.0,1139.0,,0.00024229976552899715
28822,28822.0,1.0,2281.0,2282.0,4.0,1140.0,,0.00025261795428878494
28823,28823.0,1.0,2283.0,2284.0,4.0,1141.0,,0.006320399235980345
28824,28824.0,1.0,2285.0,2286.0,4.0,1142.0,,0.00011937530416295063
28825,28825.0,1.0,2287.0,2288.0,4.0,1143.0,,0.000598191200995017
28826,28826.0,1.0,2289.0,2290.0,4.0,1144.0,,0.00260125375343033
28827,28827.0,1.0,2291.0,2292.0,4.0,1145.0,,9.764347790481266e-05
28828,28828.0,1.0,2293.0,2294.0,4.0,1146.0,,0.0018417725810887656
28829,28829.0,1.0,2295.0,2296.0,4.0,1147.0,,0.00015433967758628978
28830,28830.0,1.0,2297.0,2298.0,4.0,1148.0,,0.0010530994198333311
28831,28831.0,1.0,2299.0,2300.0,4.0,1149.0,,0.0008978800169957568
28832,28832.0,1.0,2301.0,2302.0,4.0,1150.0,,0.00020928525626701908
28833,28833.0,1.0,2303.0,2304.0,4.0,1151.0,,0.020788170702619613
28834,28834.0,1.0,2305.0,2306.0,4.0,1152.0,,0.0007495059226213724
28835,28835.0,1.0,2307.0,2308.0,4.0,1153.0,,0.0001164810098851432
28836,28836.0,1.0,2309.0,2310.0,4.0,1154.0,,3.4648418652904334e-05
28837,28837.0,1.0,2311.0,2312.0,4.0,1155.0,,0.0021497020870403795
28838,28838.0,1.0,2313.0,2314.0,4.0,1156.0,,0.0006284741247116269
28839,28839.0,1.0,2315.0,2316.0,4.0,1157.0,,0.005134864444675317
28840,28840.0,1.0,2317.0,2318.0,4.0,1158.0,,0.0009357706932041674
28841,28841.0,1.0,2319.0,2320.0,4.0,1159.0,,0.009373880588764597
28842,28842.0,1.0,2321.0,2322.0,4.0,1160.0,,0.00017404004538275854
28843,28843.0,1.0,2323.0,2324.0,4.0,1161.0,,0.0012360222998479508
28844,28844.0,1.0,2325.0,2326.0,4.0,1162.0,,6.259008107940297e-05
28845,28845.0,1.0,2327.0,2328.0,4.0,1163.0,,0.0024111094241713
28846,28846.0,1.0,2329.0,2330.0,4.0,1164.0,,3.2703208280340466e-05
28847,28847.0,1.0,2331.0,2332.0,4.0,1165.0,,0.0018837709883054007
28848,28848.0,1.0,2333.0,2334.0,4.0,1166.0,,0.004302304458098142
28849,28849.0,1.0,2335.0,2336.0,4.0,1167.0,,0.002508398307899828
28850,28850.0,1.0,2337.0,2338.0,4.0,1168.0,,0.005373588040488972
28851,28851.0,1.0,2339.0,2340.0,4.0,1169.0,,0.015735811915409667
28852,28852.0,1.0,2341.0,2342.0,4.0,1170.0,,0.002450363970882121
28853,28853.0,1.0,2343.0,2344.0,4.0,1171.0,,0.0013580715235484517
28857,28857.0,1.0,2345.0,2346.0,4.0,1172.0,,0.001593572827165972
28858,28858.0,1.0,2347.0,2348.0,4.0,1173.0,,0.0004444065712673639
28859,28859.0,1.0,2349.0,2350.0,4.0,1174.0,,0.00016910150656933314
28860,28860.0,1.0,2351.0,2352.0,4.0,1175.0,,0.0003563655417498776
28861,28861.0,1.0,2353.0,2354.0,4.0,1176.0,,5.004537910923607e-05
28862,28862.0,1.0,2355.0,2356.0,4.0,1177.0,,0.0013443782941355467
28863,28863.0,1.0,2357.0,2358.0,4.0,1178.0,,0.0005889851563585733
28864,28864.0,1.0,2359.0,2360.0,4.0,1179.0,,7.681545152532206e-05
28865,28865.0,1.0,2361.0,2362.0,4.0,1180.0,,0.0012374177077889405
28866,28866.0,1.0,2363.0,2364.0,4.0,1181.0,,0.0020448504208726848
28902,28902.0,1.0,2365.0,2366.0,4.0,1182.0,,0.0028599141112241977
28867,28867.0,1.0,2367.0,2368.0,4.0,1183.0,,0.009084605440651167
28868,28868.0,1.0,2369.0,2370.0,4.0,1184.0,,0.0009499593063214785
28869,28869.0,1.0,2371.0,2372.0,4.0,1185.0,,0.0004588974521025815
28870,28870.0,1.0,2373.0,2374.0,4.0,1186.0,,6.773984650495283e-05
28871,28871.0,1.0,2375.0,2376.0,4.0,1187.0,,0.000221445916915504
28872,28872.0,1.0,2377.0,2378.0,4.0,1188.0,,7.59538308205414e-05
28873,28873.0,1.0,2379.0,2380.0,4.0,1189.0,,0.002133317255360974
28874,28874.0,1.0,2381.0,2382.0,4.0,1190.0,,0.000698517707984443
28875,28875.0,1.0,2383.0,2384.0,4.0,1191.0,,0.0007437723211293669
28876,28876.0,1.0,2385.0,2386.0,4.0,1192.0,,0.0063418256881775555
28877,28877.0,1.0,2387.0,2388.0,4.0,1193.0,,0.00320742315175936
28878,28878.0,1.0,2389.0,2390.0,4.0,1194.0,,0.001853001799443634
28879,28879.0,1.0,2391.0,2392.0,4.0,1195.0,,0.003639805565725074
28880,28880.0,1.0,2393.0,2394.0,4.0,1196.0,,0.0024417464413945115
28881,28881.0,1.0,2395.0,2396.0,4.0,1197.0,,0.004366604153404709
28882,28882.0,1.0,2397.0,2398.0,4.0,1198.0,,0.00505213585419846
28883,28883.0,1.0,2399.0,2400.0,4.0,1199.0,,0.0061476992994845756
28884,28884.0,1.0,2401.0,2402.0,4.0,1200.0,,0.00016504511531380652
28885,28885.0,1.0,2403.0,2404.0,4.0,1201.0,,0.0025988650581469266
28886,28886.0,1.0,2405.0,2406.0,4.0,1202.0,,0.00015610222110587734
28887,28887.0,1.0,2407.0,2408.0,4.0,1203.0,,0.005258167914268295
28888,28888.0,1.0,2409.0,2410.0,4.0,1204.0,,0.0018811677873750968
28889,28889.0,1.0,2411.0,2412.0,4.0,1205.0,,0.004905498446062221
28890,28890.0,1.0,2413.0,2414.0,4.0,1206.0,,0.006870241340403555
28891,28891.0,1.0,2415.0,2416.0,4.0,1207.0,,0.004586050698234785
28892,28892.0,1.0,2417.0,2418.0,4.0,1208.0,,0.00217048100780915
28893,28893.0,1.0,2419.0,2420.0,4.0,1209.0,,0.008833089257599895
28894,28894.0,1.0,2421.0,2422.0,4.0,1210.0,,0.0002652038445427919
28895,28895.0,1.0,2423.0,2424.0,4.0,1211.0,,0.0002862491896519048
28896,28896.0,1.0,2425.0,2426.0,4.0,1212.0,,0.004618047742515558
28897,28897.0,1.0,2427.0,2428.0,4.0,1213.0,,0.00013602574206876127
28898,28898.0,1.0,2429.0,2430.0,4.0,1214.0,,0.0023807574534034015
28899,28899.0,1.0,2431.0,2432.0,4.0,1215.0,,0.0005285932658414277
28900,28900.0,1.0,2433.0,2434.0,4.0,1216.0,,0.007325741087769206
28901,28901.0,1.0,2435.0,2436.0,4.0,1217.0,,0.00027997004957920954
28903,28903.0,1.0,2437.0,2438.0,4.0,1218.0,,0.005213134551284921
28904,28904.0,1.0,2439.0,2440.0,4.0,1219.0,,0.006163648578488434
28905,28905.0,1.0,2441.0,2442.0,4.0,1220.0,,0.00020455696031313272
28906,28906.0,1.0,2443.0,2444.0,4.0,1221.0,,0.0007493451673157413
28907,28907.0,1.0,2445.0,2446.0,4.0,1222.0,,0.001183644610839663
29008,29008.0,1.0,2447.0,2448.0,4.0,1223.0,,0.0010498015651570513
28908,28908.0,1.0,2449.0,2450.0,4.0,1224.0,,0.00663649824922744
28909,28909.0,1.0,2451.0,2452.0,4.0,1225.0,,0.00594660554200622
28910,28910.0,1.0,2453.0,2454.0,4.0,1226.0,,0.000518715781935448
28911,28911.0,1.0,2455.0,2456.0,4.0,1227.0,,0.00010497171479684001
28912,28912.0,1.0,2457.0,2458.0,4.0,1228.0,,0.00015010698082340947
28913,28913.0,1.0,2459.0,2460.0,4.0,1229.0,,0.0013372238716500707
28914,28914.0,1.0,2461.0,2462.0,4.0,1230.0,,0.0002687153933327848
28915,28915.0,1.0,2463.0,2464.0,4.0,1231.0,,0.041319855049919654
28916,28916.0,1.0,2465.0,2466.0,4.0,1232.0,,0.0002760845007714285
28917,28917.0,1.0,2467.0,2468.0,4.0,1233.0,,6.678340909605226e-05
28918,28918.0,1.0,2469.0,2470.0,4.0,1234.0,,0.009602376122119019
28919,28919.0,1.0,2471.0,2472.0,4.0,1235.0,,0.0056405362507479006
28920,28920.0,1.0,2473.0,2474.0,4.0,1236.0,,0.00011029635076150585
28921,28921.0,1.0,2475.0,2476.0,4.0,1237.0,,8.812004248568328e-05
28922,28922.0,1.0,2477.0,2478.0,4.0,1238.0,,0.00025453574603107347
28923,28923.0,1.0,2479.0,2480.0,4.0,1239.0,,0.0004583055800648237
28924,28924.0,1.0,2481.0,2482.0,4.0,1240.0,,0.00027011757532611417
28925,28925.0,1.0,2483.0,2484.0,4.0,1241.0,,0.0012204297288796663
28926,28926.0,1.0,2485.0,2486.0,4.0,1242.0,,0.011314700531576502
28927,28927.0,1.0,2487.0,2488.0,4.0,1243.0,,0.0007439060504903182
28928,28928.0,1.0,2489.0,2490.0,4.0,1244.0,,0.013132298941957062
28929,28929.0,1.0,2491.0,2492.0,4.0,1245.0,,0.0002043985099596061
28930,28930.0,1.0,2493.0,2494.0,4.0,1246.0,,0.00021994022043488919
28931,28931.0,1.0,2495.0,2496.0,4.0,1247.0,,0.006521402974337433
28932,28932.0,1.0,2497.0,2498.0,4.0,1248.0,,0.003451706224167582
28933,28933.0,1.0,2499.0,2500.0,4.0,1249.0,,0.005250586614080886
28934,28934.0,1.0,2501.0,2502.0,4.0,1250.0,,0.0025626713053215817
28935,28935.0,1.0,2503.0,2504.0,4.0,1251.0,,0.010415782569763632
28936,28936.0,1.0,2505.0,2506.0,4.0,1252.0,,9.632693136632814e-05
28937,28937.0,1.0,2507.0,2508.0,4.0,1253.0,,0.004634118842861124
28938,28938.0,1.0,2509.0,2510.0,4.0,1254.0,,6.58572628526658e-05
28939,28939.0,1.0,2511.0,2512.0,4.0,1255.0,,9.919425319703585e-05
28940,28940.0,1.0,2513.0,2514.0,4.0,1256.0,,6.737216582714729e-05
28941,28941.0,1.0,2515.0,2516.0,4.0,1257.0,,6.722298081890204e-05
28942,28942.0,1.0,2517.0,2518.0,4.0,1258.0,,0.00025931262486980855
28943,28943.0,1.0,2519.0,2520.0,4.0,1259.0,,0.00040006090243918825
28944,28944.0,1.0,2521.0,2522.0,4.0,1260.0,,0.008038713595183976
28945,28945.0,1.0,2523.0,2524.0,4.0,1261.0,,0.0009632253158274077
28946,28946.0,1.0,2525.0,2526.0,4.0,1262.0,,0.00023571605824992842
28947,28947.0,1.0,2527.0,2528.0,4.0,1263.0,,6.109678950757271e-05
28948,28948.0,1.0,2529.0,2530.0,4.0,1264.0,,0.000506170611751836
28949,28949.0,1.0,2531.0,2532.0,4.0,1265.0,,0.000589049312247594
28950,28950.0,1.0,2533.0,2534.0,4.0,1266.0,,0.0009568268481944492
28951,28951.0,1.0,2535.0,2536.0,4.0,1267.0,,4.973800642644179e-05
28952,28952.0,1.0,2537.0,2538.0,4.0,1268.0,,0.0006078373932714156
28953,28953.0,1.0,2539.0,2540.0,4.0,1269.0,,0.00011229683284261072
28954,28954.0,1.0,2541.0,2542.0,4.0,1270.0,,0.00021175572139868446
28955,28955.0,1.0,2543.0,2544.0,4.0,1271.0,,8.856891557417368e-05
28956,28956.0,1.0,2545.0,2546.0,4.0,1272.0,,0.00018113664453985756
28957,28957.0,1.0,2547.0,2548.0,4.0,1273.0,,0.008423805014500841
28958,28958.0,1.0,2549.0,2550.0,4.0,1274.0,,0.00019920290331233665
28959,28959.0,1.0,2551.0,2552.0,4.0,1275.0,,0.0061727305472228915
28960,28960.0,1.0,2553.0,2554.0,4.0,1276.0,,0.006571869684902825
28961,28961.0,1.0,2555.0,2556.0,4.0,1277.0,,0.002415785902483507
28962,28962.0,1.0,2557.0,2558.0,4.0,1278.0,,0.03428798312022487
28963,28963.0,1.0,2559.0,2560.0,4.0,1279.0,,4.9736939239815635e-05
28964,28964.0,1.0,2561.0,2562.0,4.0,1280.0,,0.0003210130098690187
28965,28965.0,1.0,2563.0,2564.0,4.0,1281.0,,0.02059091012807772
28966,28966.0,1.0,2565.0,2566.0,4.0,1282.0,,0.005735716260248387
28967,28967.0,1.0,2567.0,2568.0,4.0,1283.0,,0.001805946314983205
28968,28968.0,1.0,2569.0,2570.0,4.0,1284.0,,0.0006612418386338913
28969,28969.0,1.0,2571.0,2572.0,4.0,1285.0,,0.0001789363608736937
28970,28970.0,1.0,2573.0,2574.0,4.0,1286.0,,0.017540995921561265
28971,28971.0,1.0,2575.0,2576.0,4.0,1287.0,,0.010696395840717597
28972,28972.0,1.0,2577.0,2578.0,4.0,1288.0,,0.0013067312284231955
28973,28973.0,1.0,2579.0,2580.0,4.0,1289.0,,0.020662404769245225
28974,28974.0,1.0,2581.0,2582.0,4.0,1290.0,,8.062254020365961e-05
28975,28975.0,1.0,2583.0,2584.0,4.0,1291.0,,0.00020927431499602375
28976,28976.0,1.0,2585.0,2586.0,4.0,1292.0,,7.256047704176798e-05
28977,28977.0,1.0,2587.0,2588.0,4.0,1293.0,,0.00010356905519310795
28978,28978.0,1.0,2589.0,2590.0,4.0,1294.0,,0.013437297541494952
28979,28979.0,1.0,2591.0,2592.0,4.0,1295.0,,0.01928228113409649
28980,28980.0,1.0,2593.0,2594.0,4.0,1296.0,,5.2656523868745433e-05
28981,28981.0,1.0,2595.0,2596.0,4.0,1297.0,,0.028704459738309117
28982,28982.0,1.0,2597.0,2598.0,4.0,1298.0,,0.007104760640628568
28983,28983.0,1.0,2599.0,2600.0,4.0,1299.0,,0.0010840106420468142
28984,28984.0,1.0,2601.0,2602.0,4.0,1300.0,,0.010357343849244242
28985,28985.0,1.0,2603.0,2604.0,4.0,1301.0,,0.00021567000353346128
28986,28986.0,1.0,2605.0,2606.0,4.0,1302.0,,7.50569875227152e-05
28987,28987.0,1.0,2607.0,2608.0,4.0,1303.0,,0.00020954830306632425
28988,28988.0,1.0,2609.0,2610.0,4.0,1304.0,,0.0001536217275843167
28989,28989.0,1.0,2611.0,2612.0,4.0,1305.0,,8.556717630233584e-05
28990,28990.0,1.0,2613.0,2614.0,4.0,1306.0,,0.00020962294492332274
28991,28991.0,1.0,2615.0,2616.0,4.0,1307.0,,0.0001529320105951509
28992,28992.0,1.0,2617.0,2618.0,4.0,1308.0,,0.003653589817760013
28993,28993.0,1.0,2619.0,2620.0,4.0,1309.0,,0.00016763267816307455
28994,28994.0,1.0,2621.0,2622.0,4.0,1310.0,,0.012173157909338808
28995,28995.0,1.0,2623.0,2624.0,4.0,1311.0,,0.002050602064006143
28996,28996.0,1.0,2625.0,2626.0,4.0,1312.0,,4.389787973913988e-05
28997,28997.0,1.0,2627.0,2628.0,4.0,1313.0,,0.0001378351158218743
28998,28998.0,1.0,2629.0,2630.0,4.0,1314.0,,0.010374424146165613
28999,28999.0,1.0,2631.0,2632.0,4.0,1315.0,,9.226195664862492e-05
29000,29000.0,1.0,2633.0,2634.0,4.0,1316.0,,0.0013656861611582717
29001,29001.0,1.0,2635.0,2636.0,4.0,1317.0,,0.0010668862620830178
29002,29002.0,1.0,2637.0,2638.0,4.0,1318.0,,5.3648435880287456e-05
29003,29003.0,1.0,2639.0,2640.0,4.0,1319.0,,0.00090781238136842
29004,29004.0,1.0,2641.0,2642.0,4.0,1320.0,,0.0011935247077554923
29005,29005.0,1.0,2643.0,2644.0,4.0,1321.0,,0.0002678693960491028
29006,29006.0,1.0,2645.0,2646.0,4.0,1322.0,,8.535714236446837e-05
29007,29007.0,1.0,2647.0,2648.0,4.0,1323.0,,0.0029950426251713767
29009,29009.0,1.0,2649.0,2650.0,4.0,1324.0,,0.007149735410667564
29010,29010.0,1.0,2651.0,2652.0,4.0,1325.0,,9.239458517917654e-05
29011,29011.0,1.0,2653.0,2654.0,4.0,1326.0,,8.730913581417414e-05
29012,29012.0,1.0,2655.0,2656.0,4.0,1327.0,,0.003611604741431709
29013,29013.0,1.0,2657.0,2658.0,4.0,1328.0,,0.0025134013523324594
29014,29014.0,1.0,2659.0,2660.0,4.0,1329.0,,0.0007481931866325314
29015,29015.0,1.0,2661.0,2662.0,4.0,1330.0,,0.0005503002021887957
29016,29016.0,1.0,2663.0,2664.0,4.0,1331.0,,0.002541229265902862
29017,29017.0,1.0,2665.0,2666.0,4.0,1332.0,,0.014172303812459413
29018,29018.0,1.0,2667.0,2668.0,4.0,1333.0,,0.005977951743311531
29029,29029.0,1.0,2669.0,2670.0,4.0,1334.0,,0.0033102353588702793
29019,29019.0,1.0,2671.0,2672.0,4.0,1335.0,,0.006753065990379405
29020,29020.0,1.0,2673.0,2674.0,4.0,1336.0,,0.0019302792693939414
29021,29021.0,1.0,2675.0,2676.0,4.0,1337.0,,5.593745355850414e-05
29022,29022.0,1.0,2677.0,2678.0,4.0,1338.0,,0.0025162487094056484
29023,29023.0,1.0,2679.0,2680.0,4.0,1339.0,,0.0003424682209591744
29024,29024.0,1.0,2681.0,2682.0,4.0,1340.0,,0.0014083082029309095
29025,29025.0,1.0,2683.0,2684.0,4.0,1341.0,,0.00014323918631926834
29026,29026.0,1.0,2685.0,2686.0,4.0,1342.0,,0.0001456946128318479
29027,29027.0,1.0,2687.0,2688.0,4.0,1343.0,,5.5099986805225935e-05
29028,29028.0,1.0,2689.0,2690.0,4.0,1344.0,,7.348417106509775e-05
29030,29030.0,1.0,2691.0,2692.0,4.0,1345.0,,0.0027535882152753405
29031,29031.0,1.0,2693.0,2694.0,4.0,1346.0,,0.018647759444729496
29032,29032.0,1.0,2695.0,2696.0,4.0,1347.0,,0.002737142369390796
29033,29033.0,1.0,2697.0,2698.0,4.0,1348.0,,0.0038456766522992564
29034,29034.0,1.0,2699.0,2700.0,4.0,1349.0,,0.0029726991515574668
29035,29035.0,1.0,2701.0,2702.0,4.0,1350.0,,0.0002711474734036736
29036,29036.0,1.0,2703.0,2704.0,4.0,1351.0,,0.0005135618961159782
29037,29037.0,1.0,2705.0,2706.0,4.0,1352.0,,4.6749603164052364e-05
29038,29038.0,1.0,2707.0,2708.0,4.0,1353.0,,0.005904395183385766
29039,29039.0,1.0,2709.0,2710.0,4.0,1354.0,,0.0017435143489347225
29040,29040.0,1.0,2711.0,2712.0,4.0,1355.0,,0.0047738268799206
29072,29072.0,1.0,2713.0,2714.0,4.0,1356.0,,0.001242259339522548
29041,29041.0,1.0,2715.0,2716.0,4.0,1357.0,,0.009315750746693606
29042,29042.0,1.0,2717.0,2718.0,4.0,1358.0,,0.0015787832542257182
29043,29043.0,1.0,2719.0,2720.0,4.0,1359.0,,0.0012401994708607913
29044,29044.0,1.0,2721.0,2722.0,4.0,1360.0,,0.0018991882982051537
29045,29045.0,1.0,2723.0,2724.0,4.0,1361.0,,0.0011745769219049533
29046,29046.0,1.0,2725.0,2726.0,4.0,1362.0,,0.007015480681583707
29047,29047.0,1.0,2727.0,2728.0,4.0,1363.0,,0.031038283314441494
29048,29048.0,1.0,2729.0,2730.0,4.0,1364.0,,6.865345579645587e-05
29049,29049.0,1.0,2731.0,2732.0,4.0,1365.0,,0.00033725544288904104
29050,29050.0,1.0,2733.0,2734.0,4.0,1366.0,,0.020609718201915546
29051,29051.0,1.0,2735.0,2736.0,4.0,1367.0,,0.00045457701549597766
29052,29052.0,1.0,2737.0,2738.0,4.0,1368.0,,0.011183481221715766
29053,29053.0,1.0,2739.0,2740.0,4.0,1369.0,,0.014283926518868778
29054,29054.0,1.0,2741.0,2742.0,4.0,1370.0,,6.496430459403825e-05
29055,29055.0,1.0,2743.0,2744.0,4.0,1371.0,,0.007180874119029262
29056,29056.0,1.0,2745.0,2746.0,4.0,1372.0,,0.00015269923620446946
29057,29057.0,1.0,2747.0,2748.0,4.0,1373.0,,0.004180852304841134
29058,29058.0,1.0,2749.0,2750.0,4.0,1374.0,,0.010163283206015134
29059,29059.0,1.0,2751.0,2752.0,4.0,1375.0,,0.0025684049367108138
29060,29060.0,1.0,2753.0,2754.0,4.0,1376.0,,0.008527780024004561
29061,29061.0,1.0,2755.0,2756.0,4.0,1377.0,,0.00593704502485534
29062,29062.0,1.0,2757.0,2758.0,4.0,1378.0,,8.220518689536251e-05
29063,29063.0,1.0,2759.0,2760.0,4.0,1379.0,,0.015424156116790847
29064,29064.0,1.0,2761.0,2762.0,4.0,1380.0,,0.007500476192453579
29065,29065.0,1.0,2763.0,2764.0,4.0,1381.0,,0.002032786285627031
29066,29066.0,1.0,2765.0,2766.0,4.0,1382.0,,0.0001254431996505615
29067,29067.0,1.0,2767.0,2768.0,4.0,1383.0,,0.0002037864502093185
29068,29068.0,1.0,2769.0,2770.0,4.0,1384.0,,0.007358395849037134
29069,29069.0,1.0,2771.0,2772.0,4.0,1385.0,,0.001377760797537017
29070,29070.0,1.0,2773.0,2774.0,4.0,1386.0,,0.0030913149911464726
29071,29071.0,1.0,2775.0,2776.0,4.0,1387.0,,0.010409855712479505
29073,29073.0,1.0,2777.0,2778.0,4.0,1388.0,,0.022649040710678876
29074,29074.0,1.0,2779.0,2780.0,4.0,1389.0,,0.02064294867937213
29075,29075.0,1.0,2781.0,2782.0,4.0,1390.0,,0.0003086410193678882
29076,29076.0,1.0,2783.0,2784.0,4.0,1391.0,,0.002482050349769362
