,FacilityID,RouteID,Price,Contact,FacilityEnum,Address,Calendar
0,0.0,,,0.0,6.0,0.0,
1,1.0,,,1.0,6.0,1.0,
2,2.0,,,2.0,6.0,2.0,
3,3.0,,,3.0,6.0,3.0,
4,4.0,,,4.0,6.0,4.0,
5,5.0,,,5.0,6.0,5.0,
6,6.0,,,6.0,6.0,6.0,
7,7.0,,,7.0,6.0,7.0,
8,8.0,,,8.0,6.0,8.0,
9,9.0,,,9.0,6.0,9.0,
10,10.0,,,10.0,6.0,10.0,
11,11.0,,,11.0,6.0,11.0,
12,12.0,,,12.0,6.0,12.0,
13,13.0,,,13.0,6.0,13.0,
14,14.0,,,14.0,6.0,14.0,
15,15.0,,,15.0,6.0,15.0,
16,16.0,,,16.0,6.0,16.0,
17,17.0,,,17.0,6.0,17.0,
18,18.0,,,18.0,6.0,18.0,
19,19.0,,,19.0,6.0,19.0,
20,20.0,,,20.0,6.0,20.0,
21,21.0,,,21.0,6.0,21.0,
22,22.0,,,22.0,6.0,22.0,
23,23.0,,,23.0,6.0,23.0,
24,24.0,,,24.0,6.0,24.0,
25,25.0,,,25.0,6.0,25.0,
26,26.0,,,26.0,6.0,26.0,
27,27.0,,,27.0,6.0,27.0,
28,28.0,,,28.0,6.0,28.0,
29,29.0,,,29.0,6.0,29.0,
30,30.0,,,30.0,6.0,30.0,
31,31.0,,,31.0,6.0,31.0,
32,32.0,,,32.0,6.0,32.0,
33,33.0,,,33.0,6.0,33.0,
34,34.0,,,34.0,6.0,34.0,
35,35.0,,,35.0,6.0,35.0,
36,36.0,,,36.0,6.0,36.0,
37,37.0,,,37.0,6.0,37.0,
38,38.0,,,38.0,6.0,38.0,
39,39.0,,,39.0,6.0,39.0,
40,40.0,,,40.0,6.0,40.0,
41,41.0,,,41.0,6.0,41.0,
42,42.0,,,42.0,6.0,42.0,
43,43.0,,,43.0,6.0,43.0,
44,44.0,,,44.0,6.0,44.0,
45,45.0,,,45.0,6.0,45.0,
46,46.0,,,46.0,6.0,46.0,
47,47.0,,,47.0,6.0,47.0,
48,48.0,,,48.0,6.0,48.0,
49,49.0,,,49.0,6.0,49.0,
50,50.0,,,50.0,6.0,50.0,
51,51.0,,,51.0,6.0,51.0,
52,52.0,,,52.0,6.0,52.0,
53,53.0,,,53.0,6.0,53.0,
54,54.0,,,54.0,6.0,54.0,
55,55.0,,,55.0,6.0,55.0,
56,56.0,,,56.0,6.0,56.0,
57,57.0,,,57.0,6.0,57.0,
58,58.0,,,58.0,6.0,58.0,
59,59.0,,,59.0,6.0,59.0,
60,60.0,,,60.0,6.0,60.0,
61,61.0,,,61.0,6.0,61.0,
62,62.0,,,62.0,6.0,62.0,
63,63.0,,,63.0,6.0,63.0,
64,64.0,,,64.0,6.0,64.0,
65,65.0,,,65.0,6.0,65.0,
66,66.0,,,66.0,6.0,66.0,
67,67.0,,,67.0,6.0,67.0,
68,68.0,,,68.0,6.0,68.0,
69,69.0,,,69.0,6.0,69.0,
70,70.0,,,70.0,6.0,70.0,
71,71.0,,,71.0,6.0,71.0,
72,72.0,,,72.0,6.0,72.0,
73,73.0,,,73.0,6.0,73.0,
74,74.0,,,74.0,6.0,74.0,
75,75.0,,,75.0,6.0,75.0,
76,76.0,,,76.0,6.0,76.0,
77,77.0,,,77.0,6.0,77.0,
78,78.0,,,78.0,6.0,78.0,
79,79.0,,,79.0,6.0,79.0,
80,80.0,,,80.0,6.0,80.0,
81,81.0,,,81.0,6.0,81.0,
82,82.0,,,82.0,6.0,82.0,
83,83.0,,,83.0,6.0,83.0,
84,84.0,,,84.0,6.0,84.0,
85,85.0,,,85.0,6.0,85.0,
86,86.0,,,86.0,6.0,86.0,
87,87.0,,,87.0,6.0,87.0,
88,88.0,,,88.0,6.0,88.0,
89,89.0,,,89.0,6.0,89.0,
90,90.0,,,90.0,6.0,90.0,
91,91.0,,,91.0,6.0,91.0,
92,92.0,,,92.0,6.0,92.0,
93,93.0,,,93.0,6.0,93.0,
94,94.0,,,94.0,6.0,94.0,
95,95.0,,,95.0,6.0,95.0,
96,96.0,,,96.0,6.0,96.0,
97,97.0,,,97.0,6.0,97.0,
98,98.0,,,98.0,6.0,98.0,
99,99.0,,,99.0,6.0,99.0,
100,100.0,,,100.0,6.0,100.0,
101,101.0,,,101.0,6.0,101.0,
102,102.0,,,102.0,6.0,102.0,
103,103.0,,,103.0,6.0,103.0,
104,104.0,,,104.0,6.0,104.0,
105,105.0,,,105.0,6.0,105.0,
106,106.0,,,106.0,6.0,106.0,
107,107.0,,,107.0,6.0,107.0,
108,108.0,,,108.0,6.0,108.0,
109,109.0,,,109.0,6.0,109.0,
110,110.0,,,110.0,6.0,110.0,
111,111.0,,,111.0,6.0,111.0,
112,112.0,,,112.0,6.0,112.0,
113,113.0,,,113.0,6.0,113.0,
114,114.0,,,114.0,6.0,114.0,
115,115.0,,,115.0,6.0,115.0,
116,116.0,,,116.0,6.0,116.0,
117,117.0,,,117.0,6.0,117.0,
118,118.0,,,118.0,6.0,118.0,
119,119.0,,,119.0,6.0,119.0,
120,120.0,,,120.0,6.0,120.0,
121,121.0,,,121.0,6.0,121.0,
122,122.0,,,122.0,6.0,122.0,
123,123.0,,,123.0,6.0,123.0,
124,124.0,,,124.0,6.0,124.0,
125,125.0,,,125.0,6.0,125.0,
126,126.0,,,126.0,6.0,126.0,
127,127.0,,,127.0,6.0,127.0,
128,128.0,,,128.0,6.0,128.0,
129,129.0,,,129.0,6.0,129.0,
130,130.0,,,130.0,6.0,130.0,
131,131.0,,,131.0,6.0,131.0,
132,132.0,,,132.0,6.0,132.0,
133,133.0,,,133.0,6.0,133.0,
134,134.0,,,134.0,6.0,134.0,
135,135.0,,,135.0,6.0,135.0,
136,136.0,,,136.0,6.0,136.0,
137,137.0,,,137.0,6.0,137.0,
138,138.0,,,138.0,6.0,138.0,
139,139.0,,,139.0,6.0,139.0,
140,140.0,,,140.0,6.0,140.0,
141,141.0,,,141.0,6.0,141.0,
142,142.0,,,142.0,6.0,142.0,
143,143.0,,,143.0,6.0,143.0,
144,144.0,,,144.0,6.0,144.0,
145,145.0,,,145.0,6.0,145.0,
146,146.0,,,146.0,6.0,146.0,
147,147.0,,,147.0,6.0,147.0,
148,148.0,,,148.0,6.0,148.0,
149,149.0,,,149.0,6.0,149.0,
150,150.0,,,150.0,6.0,150.0,
151,151.0,,,151.0,6.0,151.0,
152,152.0,,,152.0,6.0,152.0,
153,153.0,,,153.0,6.0,153.0,
154,154.0,,,154.0,6.0,154.0,
155,155.0,,,155.0,6.0,155.0,
156,156.0,,,156.0,6.0,156.0,
157,157.0,,,157.0,6.0,157.0,
158,158.0,,,158.0,6.0,158.0,
159,159.0,,,159.0,6.0,159.0,
160,160.0,,,160.0,6.0,160.0,
161,161.0,,,161.0,6.0,161.0,
162,162.0,,,162.0,6.0,162.0,
163,163.0,,,163.0,6.0,163.0,
164,164.0,,,164.0,6.0,164.0,
165,165.0,,,165.0,6.0,165.0,
166,166.0,,,166.0,6.0,166.0,
167,167.0,,,167.0,6.0,167.0,
168,168.0,,,168.0,6.0,168.0,
169,169.0,,,169.0,6.0,169.0,
170,170.0,,,170.0,6.0,170.0,
171,171.0,,,171.0,6.0,171.0,
172,172.0,,,172.0,6.0,172.0,
173,173.0,,,173.0,6.0,173.0,
174,174.0,,,174.0,6.0,174.0,
175,175.0,,,175.0,6.0,175.0,
176,176.0,,,176.0,6.0,176.0,
177,177.0,,,177.0,6.0,177.0,
178,178.0,,,178.0,6.0,178.0,
179,179.0,,,179.0,6.0,179.0,
180,180.0,,,180.0,6.0,180.0,
181,181.0,,,181.0,6.0,181.0,
182,182.0,,,182.0,6.0,182.0,
183,183.0,,,183.0,6.0,183.0,
184,184.0,,,184.0,6.0,184.0,
185,185.0,,,185.0,6.0,185.0,
186,186.0,,,186.0,6.0,186.0,
187,187.0,,,187.0,6.0,187.0,
188,188.0,,,188.0,6.0,188.0,
189,189.0,,,189.0,6.0,189.0,
190,190.0,,,190.0,6.0,190.0,
191,191.0,,,191.0,6.0,191.0,
192,192.0,,,192.0,6.0,192.0,
193,193.0,,,193.0,6.0,193.0,
194,194.0,,,194.0,6.0,194.0,
195,195.0,,,195.0,6.0,195.0,
196,196.0,,,196.0,6.0,196.0,
197,197.0,,,197.0,6.0,197.0,
198,198.0,,,198.0,6.0,198.0,
199,199.0,,,199.0,6.0,199.0,
200,200.0,,,200.0,6.0,200.0,
201,201.0,,,201.0,6.0,201.0,
202,202.0,,,202.0,6.0,202.0,
203,203.0,,,203.0,6.0,203.0,
204,204.0,,,204.0,6.0,204.0,
205,205.0,,,205.0,6.0,205.0,
206,206.0,,,206.0,6.0,206.0,
207,207.0,,,207.0,6.0,207.0,
208,208.0,,,208.0,6.0,208.0,
209,209.0,,,209.0,6.0,209.0,
210,210.0,,,210.0,6.0,210.0,
211,211.0,,,211.0,6.0,211.0,
212,212.0,,,212.0,6.0,212.0,
213,213.0,,,213.0,6.0,213.0,
214,214.0,,,214.0,6.0,214.0,
215,215.0,,,215.0,6.0,215.0,
216,216.0,,,216.0,6.0,216.0,
217,217.0,,,217.0,6.0,217.0,
218,218.0,,,218.0,6.0,218.0,
219,219.0,,,219.0,6.0,219.0,
220,220.0,,,220.0,6.0,220.0,
221,221.0,,,221.0,6.0,221.0,
222,222.0,,,222.0,6.0,222.0,
223,223.0,,,223.0,6.0,223.0,
224,224.0,,,224.0,6.0,224.0,
225,225.0,,,225.0,6.0,225.0,
226,226.0,,,226.0,6.0,226.0,
227,227.0,,,227.0,6.0,227.0,
228,228.0,,,228.0,6.0,228.0,
229,229.0,,,229.0,6.0,229.0,
230,230.0,,,230.0,6.0,230.0,
231,231.0,,,231.0,6.0,231.0,
232,232.0,,,232.0,6.0,232.0,
233,233.0,,,233.0,6.0,233.0,
234,234.0,,,234.0,6.0,234.0,
235,235.0,,,235.0,6.0,235.0,
236,236.0,,,236.0,6.0,236.0,
237,237.0,,,237.0,6.0,237.0,
238,238.0,,,238.0,6.0,238.0,
239,239.0,,,239.0,6.0,239.0,
240,240.0,,,240.0,6.0,240.0,
241,241.0,,,241.0,6.0,241.0,
242,242.0,,,242.0,6.0,242.0,
243,243.0,,,243.0,6.0,243.0,
244,244.0,,,244.0,6.0,244.0,
245,245.0,,,245.0,6.0,245.0,
246,246.0,,,246.0,6.0,246.0,
247,247.0,,,247.0,6.0,247.0,
248,248.0,,,248.0,6.0,248.0,
249,249.0,,,249.0,6.0,249.0,
250,250.0,,,250.0,6.0,250.0,
251,251.0,,,251.0,6.0,251.0,
252,252.0,,,252.0,6.0,252.0,
253,253.0,,,253.0,6.0,253.0,
254,254.0,,,254.0,6.0,254.0,
255,255.0,,,255.0,6.0,255.0,
256,256.0,,,256.0,6.0,256.0,
257,257.0,,,257.0,6.0,257.0,
258,258.0,,,258.0,6.0,258.0,
259,259.0,,,259.0,6.0,259.0,
260,260.0,,,260.0,6.0,260.0,
261,261.0,,,261.0,6.0,261.0,
262,262.0,,,262.0,6.0,262.0,
263,263.0,,,263.0,6.0,263.0,
264,264.0,,,264.0,6.0,264.0,
265,265.0,,,265.0,6.0,265.0,
266,266.0,,,266.0,6.0,266.0,
267,267.0,,,267.0,6.0,267.0,
268,268.0,,,268.0,6.0,268.0,
269,269.0,,,269.0,6.0,269.0,
270,270.0,,,270.0,6.0,270.0,
271,271.0,,,271.0,6.0,271.0,
272,272.0,,,272.0,6.0,272.0,
273,273.0,,,273.0,6.0,273.0,
274,274.0,,,274.0,6.0,274.0,
275,275.0,,,275.0,6.0,275.0,
276,276.0,,,276.0,6.0,276.0,
277,277.0,,,277.0,6.0,277.0,
278,278.0,,,278.0,6.0,278.0,
279,279.0,,,279.0,6.0,279.0,
280,280.0,,,280.0,6.0,280.0,
281,281.0,,,281.0,6.0,281.0,
282,282.0,,,282.0,6.0,282.0,
283,283.0,,,283.0,6.0,283.0,
284,284.0,,,284.0,6.0,284.0,
285,285.0,,,285.0,6.0,285.0,
286,286.0,,,286.0,6.0,286.0,
287,287.0,,,287.0,6.0,287.0,
288,288.0,,,288.0,6.0,288.0,
289,289.0,,,289.0,6.0,289.0,
290,290.0,,,290.0,6.0,290.0,
291,291.0,,,291.0,6.0,291.0,
292,292.0,,,292.0,6.0,292.0,
293,293.0,,,293.0,6.0,293.0,
294,294.0,,,294.0,6.0,294.0,
295,295.0,,,295.0,6.0,295.0,
296,296.0,,,296.0,6.0,296.0,
297,297.0,,,297.0,6.0,297.0,
298,298.0,,,298.0,6.0,298.0,
299,299.0,,,299.0,6.0,299.0,
300,300.0,,,300.0,6.0,300.0,
301,301.0,,,301.0,6.0,301.0,
302,302.0,,,302.0,6.0,302.0,
303,303.0,,,303.0,6.0,303.0,
304,304.0,,,304.0,6.0,304.0,
305,305.0,,,305.0,6.0,305.0,
306,306.0,,,306.0,6.0,306.0,
307,307.0,,,307.0,6.0,307.0,
308,308.0,,,308.0,6.0,308.0,
309,309.0,,,309.0,6.0,309.0,
310,310.0,,,310.0,6.0,310.0,
311,311.0,,,311.0,6.0,311.0,
312,312.0,,,312.0,6.0,312.0,
313,313.0,,,313.0,6.0,313.0,
314,314.0,,,314.0,6.0,314.0,
315,315.0,,,315.0,6.0,315.0,
316,316.0,,,316.0,6.0,316.0,
317,317.0,,,317.0,6.0,317.0,
318,318.0,,,318.0,6.0,318.0,
319,319.0,,,319.0,6.0,319.0,
320,320.0,,,320.0,6.0,320.0,
321,321.0,,,321.0,6.0,321.0,
322,322.0,,,322.0,6.0,322.0,
323,323.0,,,323.0,6.0,323.0,
324,324.0,,,324.0,6.0,324.0,
325,325.0,,,325.0,6.0,325.0,
326,326.0,,,326.0,6.0,326.0,
327,327.0,,,327.0,6.0,327.0,
328,328.0,,,328.0,6.0,328.0,
329,329.0,,,329.0,6.0,329.0,
330,330.0,,,330.0,6.0,330.0,
331,331.0,,,331.0,6.0,331.0,
332,332.0,,,332.0,6.0,332.0,
333,333.0,,,333.0,6.0,333.0,
334,334.0,,,334.0,6.0,334.0,
335,335.0,,,335.0,6.0,335.0,
336,336.0,,,336.0,6.0,336.0,
337,337.0,,,337.0,6.0,337.0,
338,338.0,,,338.0,6.0,338.0,
339,339.0,,,339.0,6.0,339.0,
340,340.0,,,340.0,6.0,340.0,
341,341.0,,,341.0,6.0,341.0,
342,342.0,,,342.0,6.0,342.0,
343,343.0,,,343.0,6.0,343.0,
344,344.0,,,344.0,6.0,344.0,
345,345.0,,,345.0,6.0,345.0,
346,346.0,,,346.0,6.0,346.0,
347,347.0,,,347.0,6.0,347.0,
348,348.0,,,348.0,6.0,348.0,
349,349.0,,,349.0,6.0,349.0,
350,350.0,,,350.0,6.0,350.0,
351,351.0,,,351.0,6.0,351.0,
352,352.0,,,352.0,6.0,352.0,
353,353.0,,,353.0,6.0,353.0,
354,354.0,,,354.0,6.0,354.0,
355,355.0,,,355.0,6.0,355.0,
356,356.0,,,356.0,6.0,356.0,
357,357.0,,,357.0,6.0,357.0,
358,358.0,,,358.0,6.0,358.0,
359,359.0,,,359.0,6.0,359.0,
360,360.0,,,360.0,6.0,360.0,
361,361.0,,,361.0,6.0,361.0,
362,362.0,,,362.0,6.0,362.0,
363,363.0,,,363.0,6.0,363.0,
364,364.0,,,364.0,6.0,364.0,
365,365.0,,,365.0,6.0,365.0,
366,366.0,,,366.0,6.0,366.0,
367,367.0,,,367.0,6.0,367.0,
368,368.0,,,368.0,6.0,368.0,
369,369.0,,,369.0,6.0,369.0,
370,370.0,,,370.0,6.0,370.0,
371,371.0,,,371.0,6.0,371.0,
372,372.0,,,372.0,6.0,372.0,
373,373.0,,,373.0,6.0,373.0,
374,374.0,,,374.0,6.0,374.0,
375,375.0,,,375.0,6.0,375.0,
376,376.0,,,376.0,6.0,376.0,
377,377.0,,,377.0,6.0,377.0,
378,378.0,,,378.0,6.0,378.0,
379,379.0,,,379.0,6.0,379.0,
380,380.0,,,380.0,6.0,380.0,
381,381.0,,,381.0,6.0,381.0,
382,382.0,,,382.0,6.0,382.0,
383,383.0,,,383.0,6.0,383.0,
384,384.0,,,384.0,6.0,384.0,
385,385.0,,,385.0,6.0,385.0,
386,386.0,,,386.0,6.0,386.0,
387,387.0,,,387.0,6.0,387.0,
388,388.0,,,388.0,6.0,388.0,
389,389.0,,,389.0,6.0,389.0,
390,390.0,,,390.0,6.0,390.0,
391,391.0,,,391.0,6.0,391.0,
392,392.0,,,392.0,6.0,392.0,
393,393.0,,,393.0,6.0,393.0,
394,394.0,,,394.0,6.0,394.0,
395,395.0,,,395.0,6.0,395.0,
396,396.0,,,396.0,6.0,396.0,
397,397.0,,,397.0,6.0,397.0,
398,398.0,,,398.0,6.0,398.0,
399,399.0,,,399.0,6.0,399.0,
400,400.0,,,400.0,6.0,400.0,
401,401.0,,,401.0,6.0,401.0,
402,402.0,,,402.0,6.0,402.0,
403,403.0,,,403.0,6.0,403.0,
404,404.0,,,404.0,6.0,404.0,
405,405.0,,,405.0,6.0,405.0,
406,406.0,,,406.0,6.0,406.0,
407,407.0,,,407.0,6.0,407.0,
408,408.0,,,408.0,6.0,408.0,
409,409.0,,,409.0,6.0,409.0,
410,410.0,,,410.0,6.0,410.0,
411,411.0,,,411.0,6.0,411.0,
412,412.0,,,412.0,6.0,412.0,
413,413.0,,,413.0,6.0,413.0,
414,414.0,,,414.0,6.0,414.0,
415,415.0,,,415.0,6.0,415.0,
416,416.0,,,416.0,6.0,416.0,
417,417.0,,,417.0,6.0,417.0,
418,418.0,,,418.0,6.0,418.0,
419,419.0,,,419.0,6.0,419.0,
420,420.0,,,420.0,6.0,420.0,
421,421.0,,,421.0,6.0,421.0,
422,422.0,,,422.0,6.0,422.0,
423,423.0,,,423.0,6.0,423.0,
424,424.0,,,424.0,6.0,424.0,
425,425.0,,,425.0,6.0,425.0,
426,426.0,,,426.0,6.0,426.0,
427,427.0,,,427.0,6.0,427.0,
428,428.0,,,428.0,6.0,428.0,
429,429.0,,,429.0,6.0,429.0,
430,430.0,,,430.0,6.0,430.0,
431,431.0,,,431.0,6.0,431.0,
432,432.0,,,432.0,6.0,432.0,
433,433.0,,,433.0,6.0,433.0,
434,434.0,,,434.0,6.0,434.0,
435,435.0,,,435.0,6.0,435.0,
436,436.0,,,436.0,6.0,436.0,
437,437.0,,,437.0,6.0,437.0,
438,438.0,,,438.0,6.0,438.0,
439,439.0,,,439.0,6.0,439.0,
440,440.0,,,440.0,6.0,440.0,
441,441.0,,,441.0,6.0,441.0,
442,442.0,,,442.0,6.0,442.0,
443,443.0,,,443.0,6.0,443.0,
444,444.0,,,444.0,6.0,444.0,
445,445.0,,,445.0,6.0,445.0,
446,446.0,,,446.0,6.0,446.0,
447,447.0,,,447.0,6.0,447.0,
448,448.0,,,448.0,6.0,448.0,
449,449.0,,,449.0,6.0,449.0,
450,450.0,,,450.0,6.0,450.0,
451,451.0,,,451.0,6.0,451.0,
452,452.0,,,452.0,6.0,452.0,
453,453.0,,,453.0,6.0,453.0,
454,454.0,,,454.0,6.0,454.0,
455,455.0,,,455.0,6.0,455.0,
456,456.0,,,456.0,6.0,456.0,
457,457.0,,,457.0,6.0,457.0,
458,458.0,,,458.0,6.0,458.0,
459,459.0,,,459.0,6.0,459.0,
460,460.0,,,460.0,6.0,460.0,
461,461.0,,,461.0,6.0,461.0,
462,462.0,,,462.0,6.0,462.0,
463,463.0,,,463.0,6.0,463.0,
464,464.0,,,464.0,6.0,464.0,
465,465.0,,,465.0,6.0,465.0,
466,466.0,,,466.0,6.0,466.0,
467,467.0,,,467.0,6.0,467.0,
468,468.0,,,468.0,6.0,468.0,
469,469.0,,,469.0,6.0,469.0,
470,470.0,,,470.0,6.0,470.0,
471,471.0,,,471.0,6.0,471.0,
472,472.0,,,472.0,6.0,472.0,
473,473.0,,,473.0,6.0,473.0,
474,474.0,,,474.0,6.0,474.0,
475,475.0,,,475.0,6.0,475.0,
476,476.0,,,476.0,6.0,476.0,
477,477.0,,,477.0,6.0,477.0,
478,478.0,,,478.0,6.0,478.0,
479,479.0,,,479.0,6.0,479.0,
480,480.0,,,480.0,6.0,480.0,
481,481.0,,,481.0,6.0,481.0,
482,482.0,,,482.0,6.0,482.0,
483,483.0,,,483.0,6.0,483.0,
484,484.0,,,484.0,6.0,484.0,
485,485.0,,,485.0,6.0,485.0,
486,486.0,,,486.0,6.0,486.0,
487,487.0,,,487.0,6.0,487.0,
488,488.0,,,488.0,6.0,488.0,
489,489.0,,,489.0,6.0,489.0,
490,490.0,,,490.0,6.0,490.0,
491,491.0,,,491.0,6.0,491.0,
492,492.0,,,492.0,6.0,492.0,
493,493.0,,,493.0,6.0,493.0,
494,494.0,,,494.0,6.0,494.0,
495,495.0,,,495.0,6.0,495.0,
496,496.0,,,496.0,6.0,496.0,
497,497.0,,,497.0,6.0,497.0,
498,498.0,,,498.0,6.0,498.0,
499,499.0,,,499.0,6.0,499.0,
500,500.0,,,500.0,6.0,500.0,
501,501.0,,,501.0,6.0,501.0,
502,502.0,,,502.0,6.0,502.0,
503,503.0,,,503.0,6.0,503.0,
504,504.0,,,504.0,6.0,504.0,
505,505.0,,,505.0,6.0,505.0,
506,506.0,,,506.0,6.0,506.0,
507,507.0,,,507.0,6.0,507.0,
508,508.0,,,508.0,6.0,508.0,
509,509.0,,,509.0,6.0,509.0,
510,510.0,,,510.0,6.0,510.0,
511,511.0,,,511.0,6.0,511.0,
512,512.0,,,512.0,6.0,512.0,
513,513.0,,,513.0,6.0,513.0,
514,514.0,,,514.0,6.0,514.0,
515,515.0,,,515.0,6.0,515.0,
516,516.0,,,516.0,6.0,516.0,
517,517.0,,,517.0,6.0,517.0,
518,518.0,,,518.0,6.0,518.0,
519,519.0,,,519.0,6.0,519.0,
520,520.0,,,520.0,6.0,520.0,
521,521.0,,,521.0,6.0,521.0,
522,522.0,,,522.0,6.0,522.0,
523,523.0,,,523.0,6.0,523.0,
524,524.0,,,524.0,6.0,524.0,
525,525.0,,,525.0,6.0,525.0,
526,526.0,,,526.0,6.0,526.0,
527,527.0,,,527.0,6.0,527.0,
528,528.0,,,528.0,6.0,528.0,
529,529.0,,,529.0,6.0,529.0,
530,530.0,,,530.0,6.0,530.0,
531,531.0,,,531.0,6.0,531.0,
532,532.0,,,532.0,6.0,532.0,
533,533.0,,,533.0,6.0,533.0,
534,534.0,,,534.0,6.0,534.0,
535,535.0,,,535.0,6.0,535.0,
536,536.0,,,536.0,6.0,536.0,
537,537.0,,,537.0,6.0,537.0,
538,538.0,,,538.0,6.0,538.0,
539,539.0,,,539.0,6.0,539.0,
540,540.0,,,540.0,6.0,540.0,
541,541.0,,,541.0,6.0,541.0,
542,542.0,,,542.0,6.0,542.0,
543,543.0,,,543.0,6.0,543.0,
544,544.0,,,544.0,6.0,544.0,
545,545.0,,,545.0,6.0,545.0,
546,546.0,,,546.0,6.0,546.0,
547,547.0,,,547.0,6.0,547.0,
548,548.0,,,548.0,6.0,548.0,
549,549.0,,,549.0,6.0,549.0,
550,550.0,,,550.0,6.0,550.0,
551,551.0,,,551.0,6.0,551.0,
552,552.0,,,552.0,6.0,552.0,
553,553.0,,,553.0,6.0,553.0,
554,554.0,,,554.0,6.0,554.0,
555,555.0,,,555.0,6.0,555.0,
556,556.0,,,556.0,6.0,556.0,
557,557.0,,,557.0,6.0,557.0,
558,558.0,,,558.0,6.0,558.0,
559,559.0,,,559.0,6.0,559.0,
560,560.0,,,560.0,6.0,560.0,
561,561.0,,,561.0,6.0,561.0,
562,562.0,,,562.0,6.0,562.0,
563,563.0,,,563.0,6.0,563.0,
564,564.0,,,564.0,6.0,564.0,
565,565.0,,,565.0,6.0,565.0,
566,566.0,,,566.0,6.0,566.0,
567,567.0,,,567.0,6.0,567.0,
568,568.0,,,568.0,6.0,568.0,
569,569.0,,,569.0,6.0,569.0,
570,570.0,,,570.0,6.0,570.0,
571,571.0,,,571.0,6.0,571.0,
572,572.0,,,572.0,6.0,572.0,
573,573.0,,,573.0,6.0,573.0,
574,574.0,,,574.0,6.0,574.0,
575,575.0,,,575.0,6.0,575.0,
576,576.0,,,576.0,6.0,576.0,
577,577.0,,,577.0,6.0,577.0,
578,578.0,,,578.0,6.0,578.0,
579,579.0,,,579.0,6.0,579.0,
580,580.0,,,580.0,6.0,580.0,
581,581.0,,,581.0,6.0,581.0,
582,582.0,,,582.0,6.0,582.0,
583,583.0,,,583.0,6.0,583.0,
584,584.0,,,584.0,6.0,584.0,
585,585.0,,,585.0,6.0,585.0,
586,586.0,,,586.0,6.0,586.0,
587,587.0,,,587.0,6.0,587.0,
588,588.0,,,588.0,6.0,588.0,
589,589.0,,,589.0,6.0,589.0,
590,590.0,,,590.0,6.0,590.0,
591,591.0,,,591.0,6.0,591.0,
592,592.0,,,592.0,6.0,592.0,
593,593.0,,,593.0,6.0,593.0,
594,594.0,,,594.0,6.0,594.0,
595,595.0,,,595.0,6.0,595.0,
596,596.0,,,596.0,6.0,596.0,
597,597.0,,,597.0,6.0,597.0,
598,598.0,,,598.0,6.0,598.0,
599,599.0,,,599.0,6.0,599.0,
600,600.0,,,600.0,6.0,600.0,
601,601.0,,,601.0,6.0,601.0,
602,602.0,,,602.0,6.0,602.0,
603,603.0,,,603.0,6.0,603.0,
604,604.0,,,604.0,6.0,604.0,
605,605.0,,,605.0,6.0,605.0,
606,606.0,,,606.0,6.0,606.0,
607,607.0,,,607.0,6.0,607.0,
608,608.0,,,608.0,6.0,608.0,
609,609.0,,,609.0,6.0,609.0,
610,610.0,,,610.0,6.0,610.0,
611,611.0,,,611.0,6.0,611.0,
612,612.0,,,612.0,6.0,612.0,
613,613.0,,,613.0,6.0,613.0,
614,614.0,,,614.0,6.0,614.0,
615,615.0,,,615.0,6.0,615.0,
616,616.0,,,616.0,6.0,616.0,
617,617.0,,,617.0,6.0,617.0,
618,618.0,,,618.0,6.0,618.0,
619,619.0,,,619.0,6.0,619.0,
620,620.0,,,620.0,6.0,620.0,
621,621.0,,,621.0,6.0,621.0,
622,622.0,,,622.0,6.0,622.0,
623,623.0,,,623.0,6.0,623.0,
624,624.0,,,624.0,6.0,624.0,
625,625.0,,,625.0,6.0,625.0,
626,626.0,,,626.0,6.0,626.0,
627,627.0,,,627.0,6.0,627.0,
628,628.0,,,628.0,6.0,628.0,
629,629.0,,,629.0,6.0,629.0,
630,630.0,,,630.0,6.0,630.0,
631,631.0,,,631.0,6.0,631.0,
632,632.0,,,632.0,6.0,632.0,
633,633.0,,,633.0,6.0,633.0,
634,634.0,,,634.0,6.0,634.0,
635,635.0,,,635.0,6.0,635.0,
636,636.0,,,636.0,6.0,636.0,
637,637.0,,,637.0,6.0,637.0,
638,638.0,,,638.0,6.0,638.0,
639,639.0,,,639.0,6.0,639.0,
640,640.0,,,640.0,6.0,640.0,
641,641.0,,,641.0,6.0,641.0,
642,642.0,,,642.0,6.0,642.0,
643,643.0,,,643.0,6.0,643.0,
644,644.0,,,644.0,6.0,644.0,
645,645.0,,,645.0,6.0,645.0,
646,646.0,,,646.0,6.0,646.0,
647,647.0,,,647.0,6.0,647.0,
648,648.0,,,648.0,6.0,648.0,
649,649.0,,,649.0,6.0,649.0,
650,650.0,,,650.0,6.0,650.0,
651,651.0,,,651.0,6.0,651.0,
652,652.0,,,652.0,6.0,652.0,
653,653.0,,,653.0,6.0,653.0,
654,654.0,,,654.0,6.0,654.0,
655,655.0,,,655.0,6.0,655.0,
656,656.0,,,656.0,6.0,656.0,
657,657.0,,,657.0,6.0,657.0,
658,658.0,,,658.0,6.0,658.0,
659,659.0,,,659.0,6.0,659.0,
660,660.0,,,660.0,6.0,660.0,
661,661.0,,,661.0,6.0,661.0,
662,662.0,,,662.0,6.0,662.0,
663,663.0,,,663.0,6.0,663.0,
664,664.0,,,664.0,6.0,664.0,
665,665.0,,,665.0,6.0,665.0,
666,666.0,,,666.0,6.0,666.0,
667,667.0,,,667.0,6.0,667.0,
668,668.0,,,668.0,6.0,668.0,
669,669.0,,,669.0,6.0,669.0,
670,670.0,,,670.0,6.0,670.0,
671,671.0,,,671.0,6.0,671.0,
672,672.0,,,672.0,6.0,672.0,
673,673.0,,,673.0,6.0,673.0,
674,674.0,,,674.0,6.0,674.0,
675,675.0,,,675.0,6.0,675.0,
676,676.0,,,676.0,6.0,676.0,
677,677.0,,,677.0,6.0,677.0,
678,678.0,,,678.0,6.0,678.0,
679,679.0,,,679.0,6.0,679.0,
680,680.0,,,680.0,6.0,680.0,
681,681.0,,,681.0,6.0,681.0,
682,682.0,,,682.0,6.0,682.0,
683,683.0,,,683.0,6.0,683.0,
684,684.0,,,684.0,6.0,684.0,
685,685.0,,,685.0,6.0,685.0,
686,686.0,,,686.0,6.0,686.0,
687,687.0,,,687.0,6.0,687.0,
688,688.0,,,688.0,6.0,688.0,
689,689.0,,,689.0,6.0,689.0,
690,690.0,,,690.0,6.0,690.0,
691,691.0,,,691.0,6.0,691.0,
692,692.0,,,692.0,6.0,692.0,
693,693.0,,,693.0,6.0,693.0,
694,694.0,,,694.0,6.0,694.0,
695,695.0,,,695.0,6.0,695.0,
696,696.0,,,696.0,6.0,696.0,
697,697.0,,,697.0,6.0,697.0,
698,698.0,,,698.0,6.0,698.0,
699,699.0,,,699.0,6.0,699.0,
700,700.0,,,700.0,6.0,700.0,
701,701.0,,,701.0,6.0,701.0,
702,702.0,,,702.0,6.0,702.0,
703,703.0,,,703.0,6.0,703.0,
704,704.0,,,704.0,6.0,704.0,
705,705.0,,,705.0,6.0,705.0,
706,706.0,,,706.0,6.0,706.0,
707,707.0,,,707.0,6.0,707.0,
708,708.0,,,708.0,6.0,708.0,
709,709.0,,,709.0,6.0,709.0,
710,710.0,,,710.0,6.0,710.0,
711,711.0,,,711.0,6.0,711.0,
712,712.0,,,712.0,6.0,712.0,
713,713.0,,,713.0,6.0,713.0,
714,714.0,,,714.0,6.0,714.0,
715,715.0,,,715.0,6.0,715.0,
716,716.0,,,716.0,6.0,716.0,
717,717.0,,,717.0,6.0,717.0,
718,718.0,,,718.0,6.0,718.0,
719,719.0,,,719.0,6.0,719.0,
720,720.0,,,720.0,6.0,720.0,
721,721.0,,,721.0,6.0,721.0,
722,722.0,,,722.0,6.0,722.0,
723,723.0,,,723.0,6.0,723.0,
724,724.0,,,724.0,6.0,724.0,
725,725.0,,,725.0,6.0,725.0,
726,726.0,,,726.0,6.0,726.0,
727,727.0,,,727.0,6.0,727.0,
728,728.0,,,728.0,6.0,728.0,
729,729.0,,,729.0,6.0,729.0,
730,730.0,,,730.0,6.0,730.0,
731,731.0,,,731.0,6.0,731.0,
732,732.0,,,732.0,6.0,732.0,
733,733.0,,,733.0,6.0,733.0,
734,734.0,,,734.0,6.0,734.0,
735,735.0,,,735.0,6.0,735.0,
736,736.0,,,736.0,6.0,736.0,
737,737.0,,,737.0,6.0,737.0,
738,738.0,,,738.0,6.0,738.0,
739,739.0,,,739.0,6.0,739.0,
740,740.0,,,740.0,6.0,740.0,
741,741.0,,,741.0,6.0,741.0,
742,742.0,,,742.0,6.0,742.0,
743,743.0,,,743.0,6.0,743.0,
744,744.0,,,744.0,6.0,744.0,
745,745.0,,,745.0,6.0,745.0,
746,746.0,,,746.0,6.0,746.0,
747,747.0,,,747.0,6.0,747.0,
748,748.0,,,748.0,6.0,748.0,
749,749.0,,,749.0,6.0,749.0,
750,750.0,,,750.0,6.0,750.0,
751,751.0,,,751.0,6.0,751.0,
752,752.0,,,752.0,6.0,752.0,
753,753.0,,,753.0,6.0,753.0,
754,754.0,,,754.0,6.0,754.0,
755,755.0,,,755.0,6.0,755.0,
756,756.0,,,756.0,6.0,756.0,
757,757.0,,,757.0,6.0,757.0,
758,758.0,,,758.0,6.0,758.0,
759,759.0,,,759.0,6.0,759.0,
760,760.0,,,760.0,6.0,760.0,
761,761.0,,,761.0,6.0,761.0,
762,762.0,,,762.0,6.0,762.0,
763,763.0,,,763.0,6.0,763.0,
764,764.0,,,764.0,6.0,764.0,
765,765.0,,,765.0,6.0,765.0,
766,766.0,,,766.0,6.0,766.0,
767,767.0,,,767.0,6.0,767.0,
768,768.0,,,768.0,6.0,768.0,
769,769.0,,,769.0,6.0,769.0,
770,770.0,,,770.0,6.0,770.0,
771,771.0,,,771.0,6.0,771.0,
772,772.0,,,772.0,6.0,772.0,
773,773.0,,,773.0,6.0,773.0,
774,774.0,,,774.0,6.0,774.0,
775,775.0,,,775.0,6.0,775.0,
776,776.0,,,776.0,6.0,776.0,
777,777.0,,,777.0,6.0,777.0,
778,778.0,,,778.0,6.0,778.0,
779,779.0,,,779.0,6.0,779.0,
780,780.0,,,780.0,6.0,780.0,
781,781.0,,,781.0,6.0,781.0,
782,782.0,,,782.0,6.0,782.0,
783,783.0,,,783.0,6.0,783.0,
784,784.0,,,784.0,6.0,784.0,
785,785.0,,,785.0,6.0,785.0,
786,786.0,,,786.0,6.0,786.0,
787,787.0,,,787.0,6.0,787.0,
788,788.0,,,788.0,6.0,788.0,
789,789.0,,,789.0,6.0,789.0,
790,790.0,,,790.0,6.0,790.0,
791,791.0,,,791.0,6.0,791.0,
792,792.0,,,792.0,6.0,792.0,
793,793.0,,,793.0,6.0,793.0,
794,794.0,,,794.0,6.0,794.0,
795,795.0,,,795.0,6.0,795.0,
796,796.0,,,796.0,6.0,796.0,
797,797.0,,,797.0,6.0,797.0,
798,798.0,,,798.0,6.0,798.0,
799,799.0,,,799.0,6.0,799.0,
800,800.0,,,800.0,6.0,800.0,
801,801.0,,,801.0,6.0,801.0,
802,802.0,,,802.0,6.0,802.0,
803,803.0,,,803.0,6.0,803.0,
804,804.0,,,804.0,6.0,804.0,
805,805.0,,,805.0,6.0,805.0,
806,806.0,,,806.0,6.0,806.0,
807,807.0,,,807.0,6.0,807.0,
808,808.0,,,808.0,6.0,808.0,
809,809.0,,,809.0,6.0,809.0,
810,810.0,,,810.0,6.0,810.0,
811,811.0,,,811.0,6.0,811.0,
812,812.0,,,812.0,6.0,812.0,
813,813.0,,,813.0,6.0,813.0,
814,814.0,,,814.0,6.0,814.0,
815,815.0,,,815.0,6.0,815.0,
816,816.0,,,816.0,6.0,816.0,
817,817.0,,,817.0,6.0,817.0,
818,818.0,,,818.0,6.0,818.0,
819,819.0,,,819.0,6.0,819.0,
820,820.0,,,820.0,6.0,820.0,
821,821.0,,,821.0,6.0,821.0,
822,822.0,,,822.0,6.0,822.0,
823,823.0,,,823.0,6.0,823.0,
824,824.0,,,824.0,6.0,824.0,
825,825.0,,,825.0,6.0,825.0,
826,826.0,,,826.0,6.0,826.0,
827,827.0,,,827.0,6.0,827.0,
828,828.0,,,828.0,6.0,828.0,
829,829.0,,,829.0,6.0,829.0,
830,830.0,,,830.0,6.0,830.0,
831,831.0,,,831.0,6.0,831.0,
832,832.0,,,832.0,6.0,832.0,
833,833.0,,,833.0,6.0,833.0,
834,834.0,,,834.0,6.0,834.0,
835,835.0,,,835.0,6.0,835.0,
836,836.0,,,836.0,6.0,836.0,
837,837.0,,,837.0,6.0,837.0,
838,838.0,,,838.0,6.0,838.0,
839,839.0,,,839.0,6.0,839.0,
840,840.0,,,840.0,6.0,840.0,
841,841.0,,,841.0,6.0,841.0,
842,842.0,,,842.0,6.0,842.0,
843,843.0,,,843.0,6.0,843.0,
844,844.0,,,844.0,6.0,844.0,
845,845.0,,,845.0,6.0,845.0,
846,846.0,,,846.0,6.0,846.0,
847,847.0,,,847.0,6.0,847.0,
848,848.0,,,848.0,6.0,848.0,
849,849.0,,,849.0,6.0,849.0,
850,850.0,,,850.0,6.0,850.0,
851,851.0,,,851.0,6.0,851.0,
852,852.0,,,852.0,6.0,852.0,
853,853.0,,,853.0,6.0,853.0,
854,854.0,,,854.0,6.0,854.0,
855,855.0,,,855.0,6.0,855.0,
856,856.0,,,856.0,6.0,856.0,
857,857.0,,,857.0,6.0,857.0,
858,858.0,,,858.0,6.0,858.0,
859,859.0,,,859.0,6.0,859.0,
860,860.0,,,860.0,6.0,860.0,
861,861.0,,,861.0,6.0,861.0,
862,862.0,,,862.0,6.0,862.0,
863,863.0,,,863.0,6.0,863.0,
864,864.0,,,864.0,6.0,864.0,
865,865.0,,,865.0,6.0,865.0,
866,866.0,,,866.0,6.0,866.0,
867,867.0,,,867.0,6.0,867.0,
868,868.0,,,868.0,6.0,868.0,
869,869.0,,,869.0,6.0,869.0,
870,870.0,,,870.0,6.0,870.0,
871,871.0,,,871.0,6.0,871.0,
872,872.0,,,872.0,6.0,872.0,
873,873.0,,,873.0,6.0,873.0,
874,874.0,,,874.0,6.0,874.0,
875,875.0,,,875.0,6.0,875.0,
876,876.0,,,876.0,6.0,876.0,
877,877.0,,,877.0,6.0,877.0,
878,878.0,,,878.0,6.0,878.0,
879,879.0,,,879.0,6.0,879.0,
880,880.0,,,880.0,6.0,880.0,
881,881.0,,,881.0,6.0,881.0,
882,882.0,,,882.0,6.0,882.0,
883,883.0,,,883.0,6.0,883.0,
884,884.0,,,884.0,6.0,884.0,
885,885.0,,,885.0,6.0,885.0,
886,886.0,,,886.0,6.0,886.0,
887,887.0,,,887.0,6.0,887.0,
888,888.0,,,888.0,6.0,888.0,
889,889.0,,,889.0,6.0,889.0,
890,890.0,,,890.0,6.0,890.0,
891,891.0,,,891.0,6.0,891.0,
892,892.0,,,892.0,6.0,892.0,
893,893.0,,,893.0,6.0,893.0,
894,894.0,,,894.0,6.0,894.0,
895,895.0,,,895.0,6.0,895.0,
896,896.0,,,896.0,6.0,896.0,
897,897.0,,,897.0,6.0,897.0,
898,898.0,,,898.0,6.0,898.0,
899,899.0,,,899.0,6.0,899.0,
900,900.0,,,900.0,6.0,900.0,
901,901.0,,,901.0,6.0,901.0,
902,902.0,,,902.0,6.0,902.0,
903,903.0,,,903.0,6.0,903.0,
904,904.0,,,904.0,6.0,904.0,
905,905.0,,,905.0,6.0,905.0,
906,906.0,,,906.0,6.0,906.0,
907,907.0,,,907.0,6.0,907.0,
908,908.0,,,908.0,6.0,908.0,
909,909.0,,,909.0,6.0,909.0,
910,910.0,,,910.0,6.0,910.0,
911,911.0,,,911.0,6.0,911.0,
912,912.0,,,912.0,6.0,912.0,
913,913.0,,,913.0,6.0,913.0,
914,914.0,,,914.0,6.0,914.0,
915,915.0,,,915.0,6.0,915.0,
916,916.0,,,916.0,6.0,916.0,
917,917.0,,,917.0,6.0,917.0,
918,918.0,,,918.0,6.0,918.0,
919,919.0,,,919.0,6.0,919.0,
920,920.0,,,920.0,6.0,920.0,
921,921.0,,,921.0,6.0,921.0,
922,922.0,,,922.0,6.0,922.0,
923,923.0,,,923.0,6.0,923.0,
924,924.0,,,924.0,6.0,924.0,
925,925.0,,,925.0,6.0,925.0,
926,926.0,,,926.0,6.0,926.0,
927,927.0,,,927.0,6.0,927.0,
928,928.0,,,928.0,6.0,928.0,
929,929.0,,,929.0,6.0,929.0,
930,930.0,,,930.0,6.0,930.0,
931,931.0,,,931.0,6.0,931.0,
932,932.0,,,932.0,6.0,932.0,
933,933.0,,,933.0,6.0,933.0,
934,934.0,,,934.0,6.0,934.0,
935,935.0,,,935.0,6.0,935.0,
936,936.0,,,936.0,6.0,936.0,
937,937.0,,,937.0,6.0,937.0,
938,938.0,,,938.0,6.0,938.0,
939,939.0,,,939.0,6.0,939.0,
940,940.0,,,940.0,6.0,940.0,
941,941.0,,,941.0,6.0,941.0,
942,942.0,,,942.0,6.0,942.0,
943,943.0,,,943.0,6.0,943.0,
944,944.0,,,944.0,6.0,944.0,
945,945.0,,,945.0,6.0,945.0,
946,946.0,,,946.0,6.0,946.0,
947,947.0,,,947.0,6.0,947.0,
948,948.0,,,948.0,6.0,948.0,
949,949.0,,,949.0,6.0,949.0,
950,950.0,,,950.0,6.0,950.0,
951,951.0,,,951.0,6.0,951.0,
952,952.0,,,952.0,6.0,952.0,
953,953.0,,,953.0,6.0,953.0,
954,954.0,,,954.0,6.0,954.0,
955,955.0,,,955.0,6.0,955.0,
956,956.0,,,956.0,6.0,956.0,
957,957.0,,,957.0,6.0,957.0,
958,958.0,,,958.0,6.0,958.0,
959,959.0,,,959.0,6.0,959.0,
960,960.0,,,960.0,6.0,960.0,
961,961.0,,,961.0,6.0,961.0,
962,962.0,,,962.0,6.0,962.0,
963,963.0,,,963.0,6.0,963.0,
964,964.0,,,964.0,6.0,964.0,
965,965.0,,,965.0,6.0,965.0,
966,966.0,,,966.0,6.0,966.0,
967,967.0,,,967.0,6.0,967.0,
968,968.0,,,968.0,6.0,968.0,
969,969.0,,,969.0,6.0,969.0,
970,970.0,,,970.0,6.0,970.0,
971,971.0,,,971.0,6.0,971.0,
972,972.0,,,972.0,6.0,972.0,
973,973.0,,,973.0,6.0,973.0,
974,974.0,,,974.0,6.0,974.0,
975,975.0,,,975.0,6.0,975.0,
976,976.0,,,976.0,6.0,976.0,
977,977.0,,,977.0,6.0,977.0,
978,978.0,,,978.0,6.0,978.0,
979,979.0,,,979.0,6.0,979.0,
980,980.0,,,980.0,6.0,980.0,
981,981.0,,,981.0,6.0,981.0,
982,982.0,,,982.0,6.0,982.0,
983,983.0,,,983.0,6.0,983.0,
984,984.0,,,984.0,6.0,984.0,
985,985.0,,,985.0,6.0,985.0,
986,986.0,,,986.0,6.0,986.0,
987,987.0,,,987.0,6.0,987.0,
988,988.0,,,988.0,6.0,988.0,
989,989.0,,,989.0,6.0,989.0,
990,990.0,,,990.0,6.0,990.0,
991,991.0,,,991.0,6.0,991.0,
992,992.0,,,992.0,6.0,992.0,
993,993.0,,,993.0,6.0,993.0,
994,994.0,,,994.0,6.0,994.0,
995,995.0,,,995.0,6.0,995.0,
996,996.0,,,996.0,6.0,996.0,
997,997.0,,,997.0,6.0,997.0,
998,998.0,,,998.0,6.0,998.0,
999,999.0,,,999.0,6.0,999.0,
1000,1000.0,,,1000.0,6.0,1000.0,
1001,1001.0,,,1001.0,6.0,1001.0,
1002,1002.0,,,1002.0,6.0,1002.0,
1003,1003.0,,,1003.0,6.0,1003.0,
1004,1004.0,,,1004.0,6.0,1004.0,
1005,1005.0,,,1005.0,6.0,1005.0,
1006,1006.0,,,1006.0,6.0,1006.0,
1007,1007.0,,,1007.0,6.0,1007.0,
1008,1008.0,,,1008.0,6.0,1008.0,
1009,1009.0,,,1009.0,6.0,1009.0,
1010,1010.0,,,1010.0,6.0,1010.0,
1011,1011.0,,,1011.0,6.0,1011.0,
1012,1012.0,,,1012.0,6.0,1012.0,
1013,1013.0,,,1013.0,6.0,1013.0,
1014,1014.0,,,1014.0,6.0,1014.0,
1015,1015.0,,,1015.0,6.0,1015.0,
1016,1016.0,,,1016.0,6.0,1016.0,
1017,1017.0,,,1017.0,6.0,1017.0,
1018,1018.0,,,1018.0,6.0,1018.0,
1019,1019.0,,,1019.0,6.0,1019.0,
1020,1020.0,,,1020.0,6.0,1020.0,
1021,1021.0,,,1021.0,6.0,1021.0,
1022,1022.0,,,1022.0,6.0,1022.0,
1023,1023.0,,,1023.0,6.0,1023.0,
1024,1024.0,,,1024.0,6.0,1024.0,
1025,1025.0,,,1025.0,6.0,1025.0,
1026,1026.0,,,1026.0,6.0,1026.0,
1027,1027.0,,,1027.0,6.0,1027.0,
1028,1028.0,,,1028.0,6.0,1028.0,
1029,1029.0,,,1029.0,6.0,1029.0,
1030,1030.0,,,1030.0,6.0,1030.0,
1031,1031.0,,,1031.0,6.0,1031.0,
1032,1032.0,,,1032.0,6.0,1032.0,
1033,1033.0,,,1033.0,6.0,1033.0,
1034,1034.0,,,1034.0,6.0,1034.0,
1035,1035.0,,,1035.0,6.0,1035.0,
1036,1036.0,,,1036.0,6.0,1036.0,
1037,1037.0,,,1037.0,6.0,1037.0,
1038,1038.0,,,1038.0,6.0,1038.0,
1039,1039.0,,,1039.0,6.0,1039.0,
1040,1040.0,,,1040.0,6.0,1040.0,
1041,1041.0,,,1041.0,6.0,1041.0,
1042,1042.0,,,1042.0,6.0,1042.0,
1043,1043.0,,,1043.0,6.0,1043.0,
1044,1044.0,,,1044.0,6.0,1044.0,
1045,1045.0,,,1045.0,6.0,1045.0,
1046,1046.0,,,1046.0,6.0,1046.0,
1047,1047.0,,,1047.0,6.0,1047.0,
1048,1048.0,,,1048.0,6.0,1048.0,
1049,1049.0,,,1049.0,6.0,1049.0,
1050,1050.0,,,1050.0,6.0,1050.0,
1051,1051.0,,,1051.0,6.0,1051.0,
1052,1052.0,,,1052.0,6.0,1052.0,
1053,1053.0,,,1053.0,6.0,1053.0,
1054,1054.0,,,1054.0,6.0,1054.0,
1055,1055.0,,,1055.0,6.0,1055.0,
1056,1056.0,,,1056.0,6.0,1056.0,
1057,1057.0,,,1057.0,6.0,1057.0,
1058,1058.0,,,1058.0,6.0,1058.0,
1059,1059.0,,,1059.0,6.0,1059.0,
1060,1060.0,,,1060.0,6.0,1060.0,
1061,1061.0,,,1061.0,6.0,1061.0,
1062,1062.0,,,1062.0,6.0,1062.0,
1063,1063.0,,,1063.0,6.0,1063.0,
1064,1064.0,,,1064.0,6.0,1064.0,
1065,1065.0,,,1065.0,6.0,1065.0,
1066,1066.0,,,1066.0,6.0,1066.0,
1067,1067.0,,,1067.0,6.0,1067.0,
1068,1068.0,,,1068.0,6.0,1068.0,
1069,1069.0,,,1069.0,6.0,1069.0,
1070,1070.0,,,1070.0,6.0,1070.0,
1071,1071.0,,,1071.0,6.0,1071.0,
1072,1072.0,,,1072.0,6.0,1072.0,
1073,1073.0,,,1073.0,6.0,1073.0,
1074,1074.0,,,1074.0,6.0,1074.0,
1075,1075.0,,,1075.0,6.0,1075.0,
1076,1076.0,,,1076.0,6.0,1076.0,
1077,1077.0,,,1077.0,6.0,1077.0,
1078,1078.0,,,1078.0,6.0,1078.0,
1079,1079.0,,,1079.0,6.0,1079.0,
1080,1080.0,,,1080.0,6.0,1080.0,
1081,1081.0,,,1081.0,6.0,1081.0,
1082,1082.0,,,1082.0,6.0,1082.0,
1083,1083.0,,,1083.0,6.0,1083.0,
1084,1084.0,,,1084.0,6.0,1084.0,
1085,1085.0,,,1085.0,6.0,1085.0,
1086,1086.0,,,1086.0,6.0,1086.0,
1087,1087.0,,,1087.0,6.0,1087.0,
1088,1088.0,,,1088.0,6.0,1088.0,
1089,1089.0,,,1089.0,6.0,1089.0,
1090,1090.0,,,1090.0,6.0,1090.0,
1091,1091.0,,,1091.0,6.0,1091.0,
1092,1092.0,,,1092.0,6.0,1092.0,
1093,1093.0,,,1093.0,6.0,1093.0,
1094,1094.0,,,1094.0,6.0,1094.0,
1095,1095.0,,,1095.0,6.0,1095.0,
1096,1096.0,,,1096.0,6.0,1096.0,
1097,1097.0,,,1097.0,6.0,1097.0,
1098,1098.0,,,1098.0,6.0,1098.0,
1099,1099.0,,,1099.0,6.0,1099.0,
1100,1100.0,,,1100.0,6.0,1100.0,
1101,1101.0,,,1101.0,6.0,1101.0,
1102,1102.0,,,1102.0,6.0,1102.0,
1103,1103.0,,,1103.0,6.0,1103.0,
1104,1104.0,,,1104.0,6.0,1104.0,
1105,1105.0,,,1105.0,6.0,1105.0,
1106,1106.0,,,1106.0,6.0,1106.0,
1107,1107.0,,,1107.0,6.0,1107.0,
1108,1108.0,,,1108.0,6.0,1108.0,
